27073,gamedev
27073,askscience
27073,IAmA
27073,NewToTF2
27073,movies
27073,Ubuntu
27073,buildapc
27073,mountandblade
27073,Guildwars2
27073,linux
27073,Guitar
27073,compsci
27073,Games
27073,Python
27073,AskReddit
27073,history
27073,TwoXChromosomes
27073,Bass
27073,AskAcademia
27073,MachineLearning
27073,Frugal
27073,l4d2
27073,books
27073,California
27073,gaming
27073,ukulele
27073,climbing
27073,Slackline
27073,comics
27073,google
27073,truetf2
27073,reddit.com
27073,videos
27073,OnlineEducation
27073,IndieGaming
27073,scifi
27073,AskEngineers
27073,vim
27073,pittsburgh
27073,Paleo
27073,guitarlessons
27073,tf2
27073,webcomics
27073,gatech
27073,LongDistance
27073,programming
27073,math
27073,russia
27074,fantasyfootball
27074,Conservative
27074,LifeProTips
27074,chicagobeer
27074,beertrade
27074,fantasyfb
27074,WTF
27074,pics
27074,funny
27074,architecture
27074,beer
27074,cats
27074,beerporn
27074,CHIBears
27074,Paleo
27074,gifs
27075,progresspics
27075,keto
27075,loseit
27075,relationship_tips
27075,relationships
27075,xxfitness
27075,relationship_advice
27075,dating_advice
27076,politics
27076,WoT
27076,AdviceAnimals
27076,LifeProTips
27076,Ubuntu
27076,Guitar
27076,education
27076,AskReddit
27076,pics
27076,funny
27076,zombies
27076,relationships
27076,TrueAtheism
27076,DeadBedrooms
27076,Paleo
27076,science
27076,linuxmint
27076,worldnews
27076,PoliticalDiscussion
27077,femalefashionadvice
27077,Brazil
27077,AskReddit
27077,loseit
27077,funny
27077,nutrition
27077,wedding
27077,Paleo
27077,travel
27079,keto
27079,medicine
27079,atheism
27079,Fitness
27079,running
27079,Paleo
27079,science
27079,trailrunning
27079,BarefootRunning
27080,booksuggestions
27080,AskReddit
27080,navy
27080,Paleo
27080,LongDistance
27081,politics
27081,fffffffuuuuuuuuuuuu
27081,startups
27081,calireggae
27081,pcgaming
27081,conspiratard
27081,iphone
27081,skeptic
27081,SFGiants
27081,buildapc
27081,trees
27081,AskReddit
27081,loseit
27081,Dogtraining
27081,Bass
27081,pics
27081,funny
27081,mac
27081,ChicoCA
27081,gaming
27081,apple
27081,reddit.com
27081,Paleo
27081,Entrepreneur
27081,Cartalk
27081,worldnews
27081,WeAreTheMusicMakers
27082,IAmA
27082,AskReddit
27082,WTF
27082,pics
27082,funny
27082,Paleo
27082,LongDistance
27177,Python
27177,entertainment
27177,pics
27177,breakingbad
27177,technology
27177,programming
27178,Python
27178,programming
27179,LearnJapanese
27179,japanlife
27179,islam
27179,Tokyo
27179,Python
27179,Frugal
27180,politics
27180,AskReddit
27180,WTF
27180,pics
27180,funny
27180,reddit.com
27180,science
27180,worldnews
27180,technology
27180,programming
27183,television
27183,politics
27183,prowrestling
27183,comicbooks
27183,listentothis
27183,IAmA
27183,iphone
27183,nba
27183,movies
27183,community
27183,compsci
27183,todayilearned
27183,AskReddit
27183,entertainment
27183,WTF
27183,buffy
27183,pics
27183,funny
27183,DIY
27183,TheMakingOf
27183,SquaredCircle
27183,Filmmakers
27183,gaming
27183,berkeley
27183,doctorwho
27183,Music
27183,cordcutters
27183,reddit.com
27183,videos
27183,China
27183,techsupport
27183,hackintosh
27183,science
27183,worldnews
27183,wii
27183,technology
27183,hiphopheads
27184,neuro
27184,learnpython
27184,Python
27184,programming
27186,truegaming
27186,web_design
27186,django
27186,Python
27191,netsec
27191,Python
27191,WTF
27193,explainlikeimfive
27193,picrequests
27193,ireland
27193,Python
27193,AskReddit
27193,soccer
27193,pics
27193,reddit.com
27193,science
27193,worldnews
27193,technology
27193,programming
27194,Python
27194,commandline
27194,vim
27195,politics
27195,MMA
27195,IAmA
27195,movies
27195,news
27195,Python
27195,networking
27195,WTF
27195,pics
27195,occupywallstreet
27195,videos
27195,vmware
27195,techsupport
27195,technology
27196,fffffffuuuuuuuuuuuu
27196,netsec
27196,biology
27196,SomebodyMakeThis
27196,androiddev
27196,askscience
27196,philosophy
27196,AdviceAnimals
27196,chrome
27196,movies
27196,WebGames
27196,somethingimade
27196,web_design
27196,todayilearned
27196,Python
27196,AskReddit
27196,WTF
27196,starcraft
27196,pics
27196,funny
27196,design_critiques
27196,Filmmakers
27196,gaming
27196,ideasfortheadmins
27196,atheism
27196,firstworldproblems
27196,circlejerk
27196,google
27196,Music
27196,reddit.com
27196,videos
27196,DoesAnybodyElse
27196,bestof
27196,science
27196,worldnews
27196,RESissues
27196,gifs
27196,Android
27196,technology
27196,TheoryOfReddit
27196,programming
27196,golang
27196,math
27197,politics
27197,mylittlepony
27197,maryland
27197,netsec
27197,learnpython
27197,skeptic
27197,mormon
27197,Equality
27197,compsci
27197,ainbow
27197,Python
27197,haskell
27197,pics
27197,LGBTnews
27197,capetown
27197,southafrica
27197,BSD
27197,Intactivists
27197,atheism
27197,nottheonion
27197,law
27197,reddit.com
27197,horror
27197,crypto
27197,lgbt
27197,PowerMetal
27197,science
27197,worldnews
27197,transgender
27197,programming
27197,math
27198,django
27198,Python
27199,baldursgate
27199,Astronomy
27199,programming
27200,node
27200,politics
27200,wikipedia
27200,shamelessplug
27200,startups
27200,netsec
27200,androiddev
27200,philosophy
27200,glutenfree
27200,futurebeats
27200,iphone
27200,VXJunkies
27200,somethingimade
27200,linux
27200,Anarchism
27200,news
27200,gnu
27200,Drugs
27200,django
27200,javascript
27200,Python
27200,trees
27200,AskReddit
27200,entertainment
27200,WTF
27200,pics
27200,funny
27200,design_critiques
27200,BostonU
27200,DIY
27200,DepthHub
27200,berkeley
27200,circlejerk
27200,SOPA
27200,spacedicks
27200,fossworldproblems
27200,geek
27200,reddit.com
27200,woahdude
27200,onions
27200,business
27200,hacking
27200,itookapicture
27200,science
27200,offbeat
27200,conspiracy
27200,worldnews
27200,Bad_Cop_No_Donut
27200,skateboarding
27200,Documentaries
27200,ambien
27200,Android
27200,technology
27200,bayarea
27200,programming
27200,math
27200,startrek
27201,Python
27201,science
27201,programming
27202,netsec
27202,learnprogramming
27202,MMA
27202,BostonTerrier
27202,IAmA
27202,news
27202,Drugs
27202,django
27202,Python
27202,pics
27202,funny
27202,PHP
27202,classicalmusic
27202,sysadmin
27202,webdev
27202,drupal
27202,videos
27202,argentina
27202,science
27202,worldnews
27202,gifs
27202,berlin
27202,technology
27202,programming
27203,Python
27203,AskReddit
27203,programming
27204,gamedev
27204,biology
27204,IAmA
27204,Python
27204,AskReddit
27204,starcraft
27204,UniversityofReddit
27204,gaming
27204,mit
27204,Scholar
27205,answers
27205,askscience
27205,IAmA
27205,AskReddit
27206,politics
27206,musictheory
27206,Dreams
27206,religion
27206,django
27206,Python
27206,video
27206,WTF
27206,starcraft
27206,pics
27206,comics
27206,Music
27206,reddit.com
27206,videos
27206,scifi
27206,Fantasy
27206,Turkey
27206,NSFW_GIF
27206,worldpolitics
27206,offbeat
27206,worldnews
27206,WeAreTheMusicMakers
27206,technology
27206,programming
27207,Python
27207,funny
27207,ideasfortheadmins
27209,Database
27209,netsec
27209,learnpython
27209,algorithms
27209,skeptic
27209,Libertarian
27209,linux
27209,compsci
27209,todayilearned
27209,Python
27209,AskReddit
27209,statistics
27209,atheism
27209,sysadmin
27209,webdev
27209,running
27209,Tribes
27209,git
27209,programming
27209,Military
27313,politics
27313,fffffffuuuuuuuuuuuu
27313,crafts
27313,IAmA
27313,AskWomen
27313,todayilearned
27313,Michigan
27313,AskReddit
27313,artstore
27313,WTF
27313,ArtisanVideos
27313,pics
27313,funny
27313,gaming
27313,catpictures
27313,RedditLaqueristas
27313,Music
27313,cats
27313,videos
27313,Art
27313,SCREENPRINTING
27313,aww
27313,tardcat
27314,boltedontits
27314,IAmA
27314,Boobies
27314,Libertarian
27314,Anarchism
27314,sex
27314,gonewild
27314,reportthespammers
27314,guns
27314,keto
27314,AskReddit
27314,tattoos
27314,curvy
27314,WTF
27314,feminisms
27314,Pets
27314,pics
27314,funny
27314,cosplay
27314,Frugal
27314,PS3
27314,voluptuous
27314,LegalTeens
27314,gaming
27314,motorcycles
27314,RealGirls
27314,atheism
27314,tattoo
27314,Health
27314,reddit.com
27314,scifi
27314,lgbt
27314,Art
27314,shorthairedhotties
27314,BTFC
27314,Bacon
27314,hardbodies
27314,WomenOfColor
27314,Android
27314,rule34
27314,thick
27314,Bondage
27314,aww
27314,happy
27315,overclocking
27315,VideoEditing
27315,Guildwars2
27315,web_design
27315,AskReddit
27315,WTF
27315,pics
27315,funny
27315,gaming
27315,DotA2
27315,HeroesofNewerth
27315,worldnews
27316,artstore
27316,Art
27317,fffffffuuuuuuuuuuuu
27317,askscience
27317,comicbooks
27317,forhire
27317,IAmA
27317,adventuretime
27317,AdviceAnimals
27317,movies
27317,Marvel
27317,harrypotter
27317,AskReddit
27317,artstore
27317,skyrim
27317,pics
27317,funny
27317,occupywallstreet
27317,bookexchange
27317,wtfart
27317,Frugal
27317,gaming
27317,youtubehaiku
27317,dolan
27317,atheism
27317,doctorwho
27317,firstworldproblems
27317,magicTCG
27317,geek
27317,videos
27317,pokemontrades
27317,ImaginaryLandscapes
27317,gameswap
27317,Art
27317,SpecArt
27317,whatsthisbug
27317,shittyaskscience
27317,stencils
27317,RhodeIsland
27317,tf2
27317,Minecraft
27317,aww
27317,pokemon
27318,badMovies
27318,gamedev
27318,Poetry
27318,fffffffuuuuuuuuuuuu
27318,folk
27318,MMFB
27318,movies
27318,tipofmytongue
27318,somethingimade
27318,Stoicism
27318,news
27318,todayilearned
27318,ArtCrit
27318,AskReddit
27318,loseit
27318,WTF
27318,creepy
27318,pics
27318,funny
27318,offmychest
27318,food
27318,datfeel
27318,gaeilge
27318,Frugal
27318,books
27318,gaming
27318,Justrolledintotheshop
27318,zombies
27318,atheism
27318,firstworldproblems
27318,HardcoreSMP
27318,amiugly
27318,geek
27318,self
27318,TheSimpsons
27318,horror
27318,vinyl
27318,Art
27318,rpg
27318,technology
27318,Minecraft
27318,aww
27318,spaceporn
27318,pokemon
27318,pickle
27321,fffffffuuuuuuuuuuuu
27321,bleachshirts
27321,IAmA
27321,species
27321,england
27321,todayilearned
27321,malegrooming
27321,keto
27321,AskReddit
27321,artstore
27321,WTF
27321,snackexchange
27321,pics
27321,Themepark
27321,funny
27321,Frugal
27321,gaming
27321,atheism
27321,birdpics
27321,videos
27321,Art
27321,psychology
27321,Design
27321,rollercoasters
27322,IAmA
27322,AskReddit
27322,artstore
27322,Fitness
27322,Art
27322,piercing
27322,aww
27323,somethingimade
27323,trees
27323,artstore
27323,WTF
27323,pics
27323,funny
27323,tattoo
27323,Music
27323,shittyama
27323,shittyadvice
27323,Pinups
27323,treesmusic
27323,see
27324,shamelessplug
27324,somethingimade
27324,artstore
27324,Etsy
27324,DoesAnybodyElse
27324,aww
27325,AdviceAnimals
27325,tipofmytongue
27325,AskReddit
27325,skyrim
27325,WTF
27325,creepy
27325,Steam
27325,pics
27325,funny
27325,PS3
27325,gaming
27325,Music
27325,reddit.com
27325,videos
27325,Art
27325,gso
27326,LucidDreaming
27326,fffffffuuuuuuuuuuuu
27326,cars
27326,IAmA
27326,UFOs
27326,iphone
27326,movies
27326,MilitaryPorn
27326,RATS
27326,longboarding
27326,todayilearned
27326,trees
27326,guns
27326,netflix
27326,battlefield3
27326,creepy
27326,pics
27326,Futurology
27326,gaming
27326,zombies
27326,grandrapids
27326,Graffiti
27326,StonerEngineering
27326,Christianity
27326,Art
27326,subaru
27326,see
27326,gifs
27326,technology
27328,Poetry
27328,IAmA
27328,harrypotter
27328,AskReddit
27328,artstore
27328,funny
27328,aspergers
27328,beyondthebump
27328,BabyBumps
27329,fffffffuuuuuuuuuuuu
27329,polyamory
27329,evedreddit
27329,IAmA
27329,AdviceAnimals
27329,iphone
27329,wicked_edge
27329,trees
27329,JusticePorn
27329,AskReddit
27329,Eve
27329,RealEstate
27329,WTF
27329,pics
27329,funny
27329,gaming
27329,atheism
27329,dwarffortress
27329,reddit.com
27329,VictoriaBC
27329,science
27329,offbeat
27329,technology
27329,Terraria
27329,GameDeals
27330,fffffffuuuuuuuuuuuu
27330,forhire
27330,IAmA
27330,AskCulinary
27330,writing
27330,somethingimade
27330,OkCupid
27330,nerdfighters
27330,Maplestory
27330,RandomKindness
27330,Favors
27330,freebies
27330,keto
27330,loseit
27330,Eugene
27330,Assistance
27330,Frugal
27330,personalfinance
27330,loseit_classic
27330,casualiama
27330,corgi
27330,yoga
27330,lgbt
27330,ineedafavor
27330,minimalism
27330,tf2
27330,YouShouldKnow
27330,beermoney
27330,budgetfood
27330,barter
27333,AskReddit
27333,WTF
27334,AskReddit
27334,artstore
27339,chicagotrees
27339,Dreams
27339,IAmA
27339,somethingimade
27339,Drugs
27339,trees
27339,AskReddit
27339,artstore
27339,pics
27339,funny
27339,Etsy
27339,Music
27339,Art
27339,jewelry
27339,itookapicture
27343,fffffffuuuuuuuuuuuu
27343,AskReddit
27343,WTF
27343,pics
27343,4chan
27343,Supernatural
27343,Art
27343,Romania
27343,aww
27344,artstore
27344,IDAP
27345,buildapc
27345,gaming
27347,IAmA
27347,AskReddit
27347,artstore
27347,TwoXChromosomes
27347,pics
27347,NewOrleans
27347,funny
27347,comics
27347,reddit.com
27347,Art
27347,Design
27348,fffffffuuuuuuuuuuuu
27348,AdviceAnimals
27348,ainbow
27348,funny
27348,BiGoneMild
27348,lgbt
27348,depression
27348,aww
27349,learnart
27349,uktrees
27349,Psybient
27349,adventuretime
27349,zelda
27349,LifeProTips
27349,picrequests
27349,Glitch_in_the_Matrix
27349,Heavymind
27349,Drugs
27349,trees
27349,ArtCrit
27349,AskReddit
27349,artstore
27349,Psychonaut
27349,pics
27349,food
27349,wtfart
27349,eldertrees
27349,dxm
27349,AlbumArtPorn
27349,gaming
27349,bakedart
27349,reddit.com
27349,videos
27349,woahdude
27349,Art
27349,painting
27349,runescape
27349,Random_Acts_Of_Pizza
27349,conspiracy
27349,Minecraft
27349,AnimalPorn
27349,shroomers
27350,AskReddit
27350,artstore
27350,Etsy
27350,Art
27352,learnart
27352,fffffffuuuuuuuuuuuu
27352,dbz
27352,pokemonarts
27352,truegaming
27352,forhire
27352,zelda
27352,picrequests
27352,gonewild
27352,RandomKindness
27352,web_design
27352,Games
27352,freedesign
27352,ArtCrit
27352,AskReddit
27352,Eve
27352,secretsanta
27352,Assistance
27352,pics
27352,design_critiques
27352,SteamGameSwap
27352,gaming
27352,Warhammer
27352,Minecraft360
27352,bicycling
27352,Veterans
27352,Art
27352,ForeverAlone
27352,Rateme
27352,EnoughPaulSpam
27352,malefashionadvice
27352,Planetside
27352,Design
27352,Minecraft
27352,graphic_design
27352,aww
27352,pokemon
27354,fffffffuuuuuuuuuuuu
27354,wemetonline
27354,BipolarReddit
27354,AskReddit
27354,loseit
27354,artstore
27354,nursing
27354,offmychest
27354,TrollXChromosomes
27354,relationships
27354,sailormoon
27354,anime
27354,LongDistance
27356,comicbooks
27356,listentothis
27356,adventuretime
27356,movies
27356,asoiaf
27356,AskReddit
27356,artstore
27356,video
27356,IDAP
27356,batman
27356,comics
27356,reddit.com
27356,videos
27356,Art
27356,webcomics
27356,psychology
27357,ICanDrawThat
27357,AskReddit
27357,artstore
27357,pics
27357,gaming
27357,InteriorDesign
27357,Art
27357,whatsthisbug
27357,ancientrome
27359,funny
27359,PipeTobacco
27360,artstore
27360,IDAP
27360,Art
27361,IAmA
27361,AdviceAnimals
27361,freebies
27361,AskReddit
27361,AustinClassifieds
27361,Pets
27361,pics
27361,funny
27361,gaming
27361,Music
27361,greenday
27361,austinjobs
27361,aww
27362,politics
27362,space
27362,forhire
27362,IAmA
27362,community
27362,AskReddit
27362,artstore
27362,entertainment
27362,pics
27362,funny
27362,gaming
27362,IndieGaming
27362,Art
27362,science
27362,conspiracy
27362,worldnews
27362,aww
27363,LongformWebcomics
27363,AnimalCrossing
27363,zelda
27363,gaming
27363,comics
27363,nintendo
27363,horror
27363,Random_Acts_Of_Pizza
27363,trailerparkboys
27363,webcomics
27363,wiiu
27363,3DS
27363,animation
27363,pokemon
27365,Disneyland
27365,artstore
27365,Themepark
27365,gaming
27369,PortalMaps
27369,movies
27369,RandomKindness
27369,artstore
27369,GiftofGames
27369,Steam
27369,pics
27369,gaming
27369,Music
27371,AskReddit
27371,tattoos
27371,WTF
27371,pics
27371,funny
27371,Music
27371,videos
27371,Art
27373,politics
27373,Parenting
27373,IAmA
27373,AdviceAnimals
27373,movies
27373,LawSchool
27373,news
27373,todayilearned
27373,AskReddit
27373,artstore
27373,baseball
27373,WTF
27373,pics
27373,funny
27373,atheism
27373,doctorwho
27373,Music
27373,sports
27373,technology
27374,politics
27374,fffffffuuuuuuuuuuuu
27374,forhire
27374,Diablo
27374,Guildwars2
27374,shutupandtakemymoney
27374,Portal
27374,todayilearned
27374,AskReddit
27374,artstore
27374,WTF
27374,pics
27374,funny
27374,gaming
27374,hiking
27374,photography
27374,tf2trade
27374,reddit.com
27374,videos
27374,Art
27374,SteamTrade
27374,tf2
27374,travel
27374,worldnews
27374,Tribes
27374,technology
27374,Minecraft
27374,graphic_design
27375,IAmA
27375,trees
27375,AskReddit
27375,pics
27375,funny
27375,videos
27375,Art
27376,politics
27376,ArtCrit
27376,artstore
27376,pics
27376,Art
27377,politics
27377,IAmA
27377,picrequests
27377,AskReddit
27377,WTF
27377,pics
27377,funny
27377,Ornithology
27377,birdpics
27377,hockey
27377,birding
27377,whatsthisbird
27379,politics
27379,Conservative
27379,Christian
27379,islam
27379,IAmA
27379,AdviceAnimals
27379,explainlikeimfive
27379,Libertarian
27379,religion
27379,NeutralPolitics
27379,Republican
27379,todayilearned
27379,AskReddit
27379,WTF
27379,pics
27379,funny
27379,atheism
27379,TrueAtheism
27379,nfl
27379,videos
27379,AdviceAtheists
27379,worldnews
27380,women
27380,oceans
27380,history
27380,environment
27380,Cooking
27380,TwoXChromosomes
27380,feminisms
27380,pics
27380,funny
27380,food
27380,Frugal
27380,books
27380,atheism
27380,self
27380,CampingandHiking
27380,birdpics
27380,Health
27380,LadyBoners
27380,reddit.com
27380,cats
27380,hockey
27380,lgbt
27380,birding
27380,science
27380,Green
27380,worldnews
27380,aww
27383,the404
27383,IWantToLearn
27384,fffffffuuuuuuuuuuuu
27384,ExposurePorn
27384,IAmA
27384,trees
27384,spiders
27384,AskReddit
27384,Archaeology
27384,WTF
27384,secretsanta
27384,pics
27384,funny
27384,badcompany2
27384,food
27384,atheism
27384,reddit.com
27384,DoesAnybodyElse
27384,itookapicture
27384,science
27384,technology
27385,AskReddit
27385,WTF
27385,pics
27385,funny
27385,gaming
27385,aww
27388,IAmA
27388,AdviceAnimals
27388,Images
27388,ADHD
27388,todayilearned
27388,AskReddit
27388,lifehacks
27388,whatstheword
27388,WTF
27388,TwoXChromosomes
27388,pics
27388,linguistics
27388,funny
27388,gaming
27388,Ornithology
27388,amiugly
27388,PerfectTiming
27388,birding
27388,TryingForABaby
27388,whatsthisbird
27388,aww
27389,politics
27389,tall
27389,todayilearned
27389,AskReddit
27389,WTF
27389,TwoXChromosomes
27389,pics
27389,aspergers
27389,photography
27391,Tgirls
27391,Amateur
27391,gonewild
27391,seduction
27391,WomenOfColour
27391,ladybonersgw
27391,AsianHotties
27393,politics
27393,Conservative
27393,IAmA
27393,Libertarian
27393,R3VOLUTION
27393,Republican
27393,progressive
27393,GaryJohnson
27393,books
27393,TheLastAirbender
27393,lgbt
27393,masseffect
27393,ronpaul
27393,sandy
27395,politics
27395,AdviceAnimals
27395,Libertarian
27395,R3VOLUTION
27395,trees
27395,loseit
27395,GaryJohnson
27395,atheism
27395,timetolegalize
27395,lgbt
27395,ronpaul
27396,politics
27396,IAmA
27396,Libertarian
27396,R3VOLUTION
27396,todayilearned
27396,Texans
27396,trees
27396,AskReddit
27396,UTAustin
27396,WTF
27396,pics
27396,funny
27396,gaming
27396,HomeworkHelp
27396,videos
27396,geology
27396,science
27396,ronpaul
27397,politics
27397,fffffffuuuuuuuuuuuu
27397,gameofthrones
27397,IAmA
27397,movies
27397,Diablo
27397,Libertarian
27397,todayilearned
27397,AskReddit
27397,pics
27397,funny
27397,Catholicism
27397,personalfinance
27397,gaming
27397,Hungergames
27397,videos
27397,wow
27397,ronpaul
27397,SocialEngineering
27397,gatech
27398,gameofthrones
27398,chemistry
27398,nba
27398,Quidditch
27398,pics
27398,funny
27398,books
27398,apple
27398,fringe
27398,math
27399,harrypotter
27399,AskReddit
27399,Cooking
27399,TwoXChromosomes
27399,Quidditch
27399,VirginiaTech
27399,neopets
27399,quilting
27399,woodworking
27402,IAmA
27402,LifeProTips
27402,movies
27402,BDSMcommunity
27402,sex
27402,Portal
27402,harrypotter
27402,trees
27402,firefly
27402,Quidditch
27402,pics
27402,funny
27402,xkcd
27402,doctorwho
27402,SOPA
27402,HIMYM
27402,pokemon
27403,harrypotter
27403,funny
27403,VirginiaTech
27403,doctorwho
27403,LadyBoners
27403,aww
27404,BBW
27404,sex
27404,harrypotter
27404,BodyAcceptance
27404,books
27404,atheism
27404,vegan
27404,reptiles
27405,adventuretime
27405,Quidditch
27405,swtor
27405,anime
27405,leagueoflegends
27408,fffffffuuuuuuuuuuuu
27408,IAmA
27408,AdviceAnimals
27408,nerdfighters
27408,AskReddit
27408,themountaingoats
27408,Quidditch
27408,pics
27408,funny
27408,gaming
27408,atheism
27408,videos
27408,gameswap
27408,xbox360
27409,IAmA
27409,AdviceAnimals
27409,jackrussellterrier
27409,harrypotter
27409,asoiaf
27409,AskReddit
27409,WTF
27409,pics
27409,funny
27409,FanTheories
27409,atheism
27409,LadyBoners
27409,Baking
27409,worldnews
27409,gifs
27409,aww
27410,fffffffuuuuuuuuuuuu
27410,AdviceAnimals
27410,teenagers
27410,ragecomics
27410,harrypotter
27410,AskReddit
27410,WTF
27410,TwoXChromosomes
27410,Quidditch
27410,books
27410,newreddits
27410,facepalm
27410,acting
27410,aww
27410,nosleep
27411,trees
27411,AskReddit
27411,leagueoflegends
27412,fffffffuuuuuuuuuuuu
27412,IAmA
27412,AdviceAnimals
27412,Guitar
27412,harrypotter
27412,AskReddit
27412,WTF
27412,Bass
27412,Quidditch
27412,pics
27412,funny
27412,ukulele
27412,HomeworkHelp
27412,spongebob
27412,4chan
27412,atheism
27412,spacedicks
27412,videos
27412,paintball
27412,Cricket
27412,pokemon
27413,politics
27413,IAmA
27413,AdviceAnimals
27413,AskReddit
27413,pics
27413,funny
27413,atheism
27413,worldnews
27413,FlashGames
27414,nba
27414,AskReddit
27414,Quidditch
27414,pics
27414,funny
27414,torontoraptors
27414,TheLastAirbender
27415,gaymers
27415,Quidditch
27415,funny
27415,TheLastAirbender
27415,homestuck
27415,techsupport
27415,Minecraft
27416,biology
27416,IAmA
27416,adventuretime
27416,AdviceAnimals
27416,movies
27416,harrypotter
27416,AskReddit
27416,WTF
27416,cringe
27416,Quidditch
27416,pics
27416,thewalkingdead
27416,funny
27416,gaming
27416,atheism
27416,TheLastAirbender
27416,casualiama
27416,Music
27416,SBU
27416,videos
27416,skiing
27416,masseffect
27416,navy
27416,gifs
27416,Military
27417,IAmA
27417,harrypotter
27417,asoiaf
27417,Beekeeping
27417,AskReddit
27417,WTF
27417,secretsanta
27417,Quidditch
27417,pics
27417,NewOrleans
27417,funny
27417,reddit.com
27417,nyc
27417,Loans
27419,Albany
27419,AskReddit
27419,Pets
27419,pics
27419,funny
27419,firstworldproblems
27419,cats
27419,aww
27420,ILiveIn
27420,cars
27420,IAmA
27420,upstate_new_york
27420,weightroom
27420,AskReddit
27420,longisland
27420,pics
27420,Jeep
27420,nfl
27420,Fitness
27420,nyc
27420,videos
27420,nyjets
27420,relationship_advice
27420,sports
27420,aww
27421,politics
27421,Albany
27421,Conservative
27421,AdviceAnimals
27421,upstate_new_york
27421,humor
27421,todayilearned
27421,AskReddit
27421,WTF
27421,pics
27421,funny
27421,atheism
27421,MapPorn
27421,howto
27421,worldnews
27421,Bad_Cop_No_Donut
27421,sandy
27423,LSU
27423,politics
27423,batonrouge
27423,crafts
27423,dataisbeautiful
27423,IAmA
27423,evolution
27423,todayilearned
27423,Anthropology
27423,AskReddit
27423,WTF
27423,pics
27423,NewOrleans
27423,TrueReddit
27423,funny
27423,BostonU
27423,atheism
27423,videos
27423,Christianity
27423,malefashionadvice
27423,science
27423,massachusetts
27423,GradSchool
27423,Louisiana
27423,DebateReligion
27423,aww
27423,HistoryofIdeas
27423,PoliticalHumor
27423,craftexchange
27424,Ska
27424,AdviceAnimals
27424,upstate_new_york
27424,Invites
27424,AskReddit
27424,WTF
27424,longisland
27424,pics
27424,funny
27424,punk
27424,gaming
27424,atheism
27424,nyc
27424,earthbound
27424,army
27424,Military
27425,Albany
27425,upstate_new_york
27425,AskReddit
27425,WTF
27425,funny
27425,food
27427,Guildwars2
27427,Jeep
27428,politics
27428,Albany
27428,listentothis
27428,Economics
27428,upstate_new_york
27428,energy
27428,AskReddit
27428,history
27428,environment
27428,WTF
27428,whitesox
27428,pics
27428,funny
27428,mashups
27428,circlejerk
27428,Music
27428,reddit.com
27428,videos
27428,worldpolitics
27428,science
27428,NetflixBestOf
27428,sports
27428,technology
27428,hiphopheads
27429,Libertarian
27429,news
27429,AskReddit
27429,video
27429,funny
27429,punk
27429,videos
27429,worldnews
27430,GirlGamers
27430,politics
27430,startups
27430,philosophy
27430,AskSocialScience
27430,Libertarian
27430,news
27430,todayilearned
27430,AskReddit
27430,WTF
27430,IWantOut
27430,pics
27430,funny
27430,communism
27430,lectures
27430,MURICA
27430,socialism
27430,worldpolitics
27430,bestof
27430,science
27430,Jazz
27430,travel
27430,worldnews
27430,PoliticalDiscussion
27430,Documentaries
27430,HailCorporate
27430,technology
27430,badphilosophy
27430,SRSDiscussion
27431,politics
27431,space
27431,startups
27431,Transhuman
27431,philosophy
27431,Wordpress
27431,photoshop
27431,Economics
27431,IAmA
27431,movies
27431,Libertarian
27431,cogsci
27431,Anarcho_Capitalism
27431,transhumanism
27431,sex
27431,singularity
27431,collapse
27431,energy
27431,web_design
27431,education
27431,todayilearned
27431,AskReddit
27431,video
27431,marketing
27431,WTF
27431,pics
27431,TrueReddit
27431,funny
27431,Futurology
27431,Filmmakers
27431,gaming
27431,ideasfortheadmins
27431,atheism
27431,firstworldproblems
27431,androidthemes
27431,Music
27431,geek
27431,webdev
27431,reddit.com
27431,videos
27431,DoesAnybodyElse
27431,economy
27431,Twitter
27431,business
27431,science
27431,Entrepreneur
27431,sydney
27431,offbeat
27431,socialmedia
27431,worldnews
27431,Design
27431,Documentaries
27431,HailCorporate
27431,Android
27431,technology
27431,Minecraft
27431,programming
27432,Tf2Scripts
27432,RUGC_Europe
27432,IAmA
27432,LifeProTips
27432,SubredditDrama
27432,todayilearned
27432,guns
27432,AskReddit
27432,Steam
27432,pics
27432,funny
27432,Scrubs
27432,mildlyinteresting
27432,gaming
27432,truetf2
27432,tf2trade
27432,tf2
27432,technology
27434,politics
27434,musictheory
27434,IAmA
27434,movies
27434,Diablo
27434,AskSocialScience
27434,Libertarian
27434,Guitar
27434,news
27434,energy
27434,humor
27434,todayilearned
27434,asoiaf
27434,ableton
27434,AskReddit
27434,marketing
27434,WTF
27434,pics
27434,TrueReddit
27434,funny
27434,LetsTalkMusic
27434,IASIP
27434,abletonlive
27434,circlebroke
27434,ToolBand
27434,Frugal
27434,gaming
27434,futurepopmusic
27434,aquaponics
27434,Music
27434,edmproduction
27434,business
27434,bestof
27434,WeAreTheMusicMakers
27434,ronpaul
27434,MusicNews
27434,HailCorporate
27434,SocialEngineering
27434,aww
27434,Abstergonetwork
27435,reactiongifs
27435,firstworldanarchists
27435,politics
27435,Poetry
27435,fffffffuuuuuuuuuuuu
27435,AskHistorians
27435,conspiratard
27435,listentothis
27435,Economics
27435,IAmA
27435,AdviceAnimals
27435,worstof
27435,movies
27435,SubredditDrama
27435,writing
27435,antisrs
27435,OkCupid
27435,sex
27435,tall
27435,todayilearned
27435,asoiaf
27435,bisexual
27435,AskReddit
27435,soccer
27435,HistoryPorn
27435,history
27435,WTF
27435,TwoXChromosomes
27435,QuotesPorn
27435,pics
27435,funny
27435,atheismplus
27435,sexystories
27435,literature
27435,books
27435,gaming
27435,talesfromtechsupport
27435,relationships
27435,atheism
27435,doctorwho
27435,firstworldproblems
27435,casualiama
27435,britishproblems
27435,amiugly
27435,Music
27435,geek
27435,nottheonion
27435,cats
27435,videos
27435,sixwordstories
27435,gentlemanboners
27435,bestof
27435,facepalm
27435,childfree
27435,worldnews
27435,PoliticalDiscussion
27435,gifs
27435,OneY
27435,aww
27435,dykesgonemild
27436,askscience
27436,IAmA
27436,AdviceAnimals
27436,LifeProTips
27436,movies
27436,tipofmytongue
27436,todayilearned
27436,reportthespammers
27436,trees
27436,AskReddit
27436,Eugene
27436,WTF
27436,pics
27436,TrueReddit
27436,ShittyLifeProTips
27436,funny
27436,Frugal
27436,mildlyinteresting
27436,Pareidolia
27436,HBL
27436,gaming
27436,ChallengeAccepted
27436,atheism
27436,Music
27436,CrazyIdeas
27436,videos
27436,woahdude
27436,science
27436,offbeat
27436,YouShouldKnow
27436,worldnews
27436,eatsandwiches
27436,HailCorporate
27436,technology
27436,Homebrewing
27436,aww
27437,Smite
27437,politics
27437,Monstercat
27437,truegaming
27437,civ
27437,listentothis
27437,gameofthrones
27437,IAmA
27437,teenagers
27437,buildapc
27437,Libertarian
27437,tipofmytongue
27437,mountandblade
27437,hitmen
27437,askseddit
27437,community
27437,letsplay
27437,news
27437,Games
27437,NorthCarolina
27437,AndroidQuestions
27437,AskReddit
27437,dubstep
27437,malehairadvice
27437,AskGames
27437,funny
27437,patientgamers
27437,darksouls
27437,mildlyinteresting
27437,gaming
27437,Nexus7
27437,ifyoulikeblank
27437,ShouldIbuythisgame
27437,atheism
27437,TheLastAirbender
27437,circlejerk
27437,AskMen
27437,truetf2
27437,breakingbad
27437,tf2trade
27437,videos
27437,techsupport
27437,malefashionadvice
27437,tf2
27437,ftlgame
27437,Android
27437,technology
27437,playitforward
27437,Surface
27438,politics
27438,wikipedia
27438,Anticonsumption
27438,comicbooks
27438,listentothis
27438,IAmA
27438,chicagobeer
27438,news
27438,todayilearned
27438,trees
27438,AskReddit
27438,Psychonaut
27438,environment
27438,WTF
27438,pics
27438,TrueReddit
27438,funny
27438,occupywallstreet
27438,RedditDayOf
27438,PS3
27438,books
27438,gaming
27438,comics
27438,Music
27438,self
27438,reddit.com
27438,DoesAnybodyElse
27438,gamernews
27438,science
27438,worldnews
27438,HailCorporate
27438,technology
27439,politics
27439,Anticonsumption
27439,askscience
27439,philosophy
27439,Physics
27439,IAmA
27439,ImGoingToHellForThis
27439,Libertarian
27439,asktrees
27439,collapse
27439,news
27439,energy
27439,Objectivism
27439,Drugs
27439,trees
27439,AskReddit
27439,environment
27439,WTF
27439,Liberal
27439,pics
27439,funny
27439,AskAcademia
27439,Nootropics
27439,exlibertarian
27439,eldertrees
27439,atheism
27439,TrueAtheism
27439,circlejerk
27439,askdrugs
27439,socialism
27439,economy
27439,science
27439,PoliticalPhilosophy
27439,conspiracy
27439,Bad_Cop_No_Donut
27439,HailCorporate
27439,SRSDiscussion
27440,politics
27440,AdviceAnimals
27440,Connecticut
27440,todayilearned
27440,AskReddit
27440,pics
27440,UCONN
27440,worldnews
27441,AskReddit
27441,amiugly
27441,SEO
27442,auckland
27442,IAmA
27442,adventuretime
27442,teenagers
27442,ImGoingToHellForThis
27442,tipofmytongue
27442,todayilearned
27442,freebies
27442,AskReddit
27442,EmoScreamo
27442,WTF
27442,pics
27442,funny
27442,design_critiques
27442,Borderlands2
27442,Hardcore
27442,EmmaStone
27442,gaming
27442,breakingbad
27442,poppunkers
27442,videos
27442,vegan
27442,xbox360
27442,graphic_design
27442,aww
27443,Fifa13
27443,learnprogramming
27443,askscience
27443,truegaming
27443,IAmA
27443,MCFC
27443,tipofmytongue
27443,Shitty_Watercolour
27443,community
27443,gamingsuggestions
27443,Republican
27443,FIFA
27443,Games
27443,todayilearned
27443,AskReddit
27443,soccer
27443,Borderlands
27443,funny
27443,FanTheories
27443,gaming
27443,raspberry_pi
27443,EA_FIFA
27443,circlejerk
27443,FantasyPL
27443,worldnews
27443,PoliticalDiscussion
27443,technology
27443,dayz
27443,homeland
27444,politics
27444,Browns
27444,Poetry
27444,askscience
27444,Economics
27444,gameofthrones
27444,skeptic
27444,Libertarian
27444,Anarcho_Capitalism
27444,Cleveland
27444,Anarchism
27444,DebateaCommunist
27444,NeutralPolitics
27444,asoiaf
27444,AskReddit
27444,Cooking
27444,creepy
27444,progressive
27444,funny
27444,food
27444,books
27444,LibertarianLeft
27444,atheism
27444,circlejerk
27444,google
27444,cordcutters
27444,reddit.com
27444,shittyadvice
27444,SEO
27444,TrueFilm
27444,Twitter
27444,moderatepolitics
27444,worldpolitics
27444,ronpaul
27444,austrian_economics
27444,PoliticalDiscussion
27444,sports
27444,HailCorporate
27444,technology
27445,politics
27445,fffffffuuuuuuuuuuuu
27445,mycology
27445,hwstartups
27445,IAmA
27445,AdviceAnimals
27445,SubredditDrama
27445,electronics
27445,drugmemes
27445,sex
27445,singularity
27445,KarmaConspiracy
27445,arduino
27445,tall
27445,todayilearned
27445,Drugs
27445,trees
27445,AskReddit
27445,aves
27445,statistics
27445,marketing
27445,WTF
27445,TwoXChromosomes
27445,starcraft
27445,pics
27445,TrueReddit
27445,Marxism
27445,funny
27445,eldertrees
27445,raspberry_pi
27445,rfelectronics
27445,askdrugs
27445,ECE
27445,videos
27445,DrugNerds
27445,socialism
27445,CanadaPolitics
27445,ShitRedditSays
27445,worldnews
27445,HailCorporate
27445,Android
27445,AskElectronics
27446,politics
27446,typography
27446,Anticonsumption
27446,flying
27446,aviation
27446,IAmA
27446,AdviceAnimals
27446,movies
27446,web_design
27446,todayilearned
27446,AskReddit
27446,croatia
27446,WTF
27446,pics
27446,funny
27446,PHP
27446,gaming
27446,atheism
27446,EarthPorn
27446,Music
27446,videos
27446,bestof
27446,minimalism
27446,science
27446,worldnews
27446,Design
27446,HailCorporate
27446,technology
27446,graphic_design
27446,aww
27447,politics
27447,fffffffuuuuuuuuuuuu
27447,IAmA
27447,AdviceAnimals
27447,gonewild
27447,todayilearned
27447,Drugs
27447,trees
27447,AskReddit
27447,WTF
27447,pics
27447,funny
27447,dxm
27447,gaming
27447,4chan
27447,atheism
27447,Music
27447,breakingbad
27447,edmproduction
27447,videos
27447,HailCorporate
27447,technology
27448,AdviceAnimals
27448,AskReddit
27448,WTF
27448,pics
27448,funny
27448,DIY
27448,mildlyinteresting
27448,HailCorporate
27448,Android
27450,AskReddit
27450,atheism
27450,Minecraft
27451,Deathcore
27451,Metalcore
27451,Psybient
27451,conspiratard
27451,futurebeats
27451,entgaming
27451,Metal
27451,RATS
27451,chillmusic
27451,ambientmusic
27451,Games
27451,todayilearned
27451,Drugs
27451,progmetal
27451,trees
27451,AskReddit
27451,Psychonaut
27451,Pieces
27451,WTF
27451,cringe
27451,downtempo
27451,TexasTech
27451,liquor
27451,psytrance
27451,mflb
27451,Lubbock
27451,SpaceMusic
27451,melodicdeathmetal
27451,beer
27451,dxm
27451,asmr
27451,gaming
27451,trance
27451,atheism
27451,TrueAtheism
27451,swtor
27451,casualiama
27451,treecomics
27451,anime
27451,grime
27451,woahdude
27451,StarWars
27451,gentlemanboners
27451,sanantonio
27451,folkmetal
27451,saplings
27451,electronicmusic
27451,malefashionadvice
27451,treemusic
27451,DebateReligion
27451,rum
27451,HeadBangToThis
27451,Frisson
27451,hiphopheads
27452,IAmA
27452,sex
27452,Drugs
27452,trees
27452,EntExchange
27452,AskReddit
27452,progrockmusic
27452,askdrugs
27452,glassheads
27452,conspiracy
27452,CannabisExtracts
27453,politics
27453,Deathcore
27453,movies
27453,tolkienfans
27453,chillmusic
27453,todayilearned
27453,trees
27453,AskReddit
27453,INTP
27453,WTF
27453,txstate
27453,pics
27453,funny
27453,Djent
27453,SpaceMusic
27453,gaming
27453,atheism
27453,Music
27453,videos
27453,hockey
27453,conspiracy
27454,LeagueofLegendsMeta
27454,AskReddit
27454,atheism
27454,videos
27456,AskReddit
27456,funny
27457,politics
27457,space
27457,askscience
27457,sheffield
27457,IAmA
27457,skeptic
27457,linux
27457,todayilearned
27457,Python
27457,AskReddit
27457,Eve
27457,entertainment
27457,WTF
27457,pics
27457,funny
27457,food
27457,beer
27457,newreddits
27457,gaming
27457,comics
27457,doctorwho
27457,Music
27457,geek
27457,self
27457,BritishTV
27457,reddit.com
27457,scifi
27457,science
27457,rpg
27457,worldnews
27457,technology
27457,programming
27458,applehelp
27458,gamedev
27458,fffffffuuuuuuuuuuuu
27458,startups
27458,netsec
27458,learnprogramming
27458,truegaming
27458,MMA
27458,listentothis
27458,Ubuntu
27458,cogsci
27458,linux
27458,TheDarkTower
27458,Anarchism
27458,web_design
27458,Foodforthought
27458,keto
27458,AskReddit
27458,WTF
27458,operabrowser
27458,pics
27458,funny
27458,design_critiques
27458,Futurology
27458,RepublicOfNews
27458,software
27458,PS3
27458,books
27458,ads
27458,gaming
27458,4chan
27458,CrappyDesign
27458,exmuslim
27458,atheism
27458,webdev
27458,apple
27458,commandline
27458,reddit.com
27458,videos
27458,IndieGaming
27458,scifi
27458,Turkey
27458,Cyberpunk_Music
27458,onions
27458,vim
27458,linux_gaming
27458,techsupport
27458,stopsmoking
27458,electronicmusic
27458,ipad
27458,Entrepreneur
27458,ebooks
27458,worldnews
27458,macgaming
27458,gifs
27458,Cyberpunk
27458,technology
27458,TheoryOfReddit
27458,programming
27458,TechNewsToday
27459,space
27459,wikipedia
27459,dataisbeautiful
27459,truegaming
27459,duolingo
27459,Physics
27459,listentothis
27459,IAmA
27459,LifeProTips
27459,movies
27459,writing
27459,Cinemagraphs
27459,todayilearned
27459,Foodforthought
27459,AskReddit
27459,olympics
27459,dubstep
27459,funny
27459,LetsTalkMusic
27459,abletonlive
27459,RedditDayOf
27459,literature
27459,books
27459,xkcd
27459,ifyoulikeblank
27459,classicalmusic
27459,comics
27459,atheism
27459,realdubstep
27459,Music
27459,edmproduction
27459,self
27459,videos
27459,bestof
27459,electronicmusic
27459,science
27459,worldnews
27459,WeAreTheMusicMakers
27459,technology
27459,TheoryOfReddit
27459,math
27460,trees
27460,leagueoflegends
27462,reactiongifs
27462,fffffffuuuuuuuuuuuu
27462,IAmA
27462,AdviceAnimals
27462,movies
27462,todayilearned
27462,lotr
27462,trees
27462,AskReddit
27462,skyrim
27462,WTF
27462,pics
27462,funny
27462,food
27462,DebateAnAtheist
27462,gaming
27462,tf2trade
27462,videos
27462,AmISexy
27462,yester
27462,gifs
27462,technology
27462,aww
27462,LongDistance
27462,nosleep
27464,trees
27464,pics
27464,funny
27466,IAmA
27466,AskReddit
27466,LetsNotMeet
27466,funny
27466,Thetruthishere
27466,4chan
27467,fantasyfootball
27467,IAmA
27467,LifeProTips
27467,nba
27467,fantasyfb
27467,trees
27467,AskReddit
27467,NYGiants
27467,baseball
27467,seduction
27467,gaming
27467,nfl
27467,TheWire
27467,breakingbad
27467,self
27467,reddit.com
27467,PandR
27467,woahdude
27467,NYKnicks
27467,sports
27467,yankees
27467,hiphopheads
27468,adventuretime
27468,movies
27468,Destiny
27468,trees
27468,AskReddit
27468,WTF
27468,starcraft
27468,SketchDaily
27468,TreesGameNight
27468,breakingbad
27468,woahdude
27468,pokemon
27469,fffffffuuuuuuuuuuuu
27469,bleachshirts
27469,IAmA
27469,AdviceAnimals
27469,todayilearned
27469,JusticePorn
27469,AskReddit
27469,compDota2
27469,WTF
27469,pics
27469,funny
27469,circlebroke
27469,gaming
27469,4chan
27469,firstworldproblems
27469,circlejerk
27469,DotA2
27469,amiugly
27469,HeroesofNewerth
27469,tf2trade
27469,Dota2Trade
27469,reddit.com
27469,videos
27469,DoesAnybodyElse
27469,masseffect
27469,Minecraft
27469,aww
27470,battlestations
27470,reactiongifs
27470,hardware
27470,polandball
27470,Rainmeter
27470,fffffffuuuuuuuuuuuu
27470,IAmA
27470,AdviceAnimals
27470,movies
27470,explainlikeimfive
27470,SubredditDrama
27470,Guildwars2
27470,letsplay
27470,sex
27470,Games
27470,todayilearned
27470,AskReddit
27470,soccer
27470,footballmanagergames
27470,photoshopbattles
27470,WTF
27470,cringe
27470,pics
27470,thewalkingdead
27470,funny
27470,gaming
27470,4chan
27470,beards
27470,relationships
27470,atheism
27470,mcservers
27470,nostalgia
27470,gif
27470,portugal
27470,masseffect
27470,wallpapers
27470,gifs
27470,Minecraft
27470,aww
27471,gaming
27471,dating_advice
27473,gamedev
27473,netsec
27473,tifu
27473,IAmA
27473,AdviceAnimals
27473,explainlikeimfive
27473,Portal
27473,Games
27473,todayilearned
27473,AskReddit
27473,LetsNotMeet
27473,WTF
27473,creepy
27473,Steam
27473,pics
27473,funny
27473,gaming
27473,baconit
27473,casualiama
27473,DotA2
27473,IndieGaming
27473,valve
27473,technology
27473,nosleep
27473,TechNewsToday
27474,ASU
27474,fffffffuuuuuuuuuuuu
27474,pcgaming
27474,fantasyfootball
27474,IAmA
27474,ZombieSurvivalTactics
27474,shutupandtakemymoney
27474,TheWarZ
27474,AskReddit
27474,starcraft
27474,Steam
27474,Madden
27474,pics
27474,funny
27474,P90X
27474,SteamGameSwap
27474,BarCraft
27474,gaming
27474,zombies
27474,nfl
27474,Seahawks
27474,tf2trade
27474,videos
27474,beerporn
27474,valve
27474,Tempe
27474,tf2
27474,dayz
27474,playitforward
27475,AdviceAnimals
27475,science
27476,GrandTheftAutoV
27476,mindcrack
27476,Minecraft
27477,IAmA
27477,zelda
27477,dreamcast
27477,Bioshock
27477,Portal
27477,roosterteeth
27477,Games
27477,todayilearned
27477,JusticePorn
27477,AskReddit
27477,pics
27477,funny
27477,SteamGameSwap
27477,gaming
27477,HalfLife
27477,gamegrumps
27477,steamswap
27477,videos
27477,valve
27478,politics
27478,cars
27478,AdviceAnimals
27478,todayilearned
27478,guns
27478,WTF
27478,pics
27478,funny
27478,gaming
27478,HalfLife
27478,motorcycles
27478,science
27478,worldnews
27478,aww
27478,dayz
27480,LucidDreaming
27480,KarmaConspiracy
27480,pics
27480,funny
27480,tf2
27480,Minecraft
27480,Terraria
27481,television
27481,firstworldanarchists
27481,truegaming
27481,IAmA
27481,TF2fashionadvice
27481,AdviceAnimals
27481,LifeProTips
27481,movies
27481,community
27481,wallpaper
27481,Games
27481,todayilearned
27481,freebies
27481,AskReddit
27481,skyrim
27481,WTF
27481,cringe
27481,Steam
27481,pics
27481,RandomActsOfGaming
27481,funny
27481,mildlyinteresting
27481,gaming
27481,xkcd
27481,comics
27481,circlejerk
27481,neopets
27481,dwarffortress
27481,SFM
27481,self
27481,videos
27481,grimm
27481,Christianity
27481,NoFap
27481,bestof
27481,gamernews
27481,facepalm
27481,tf2
27481,YouShouldKnow
27481,mwo
27481,worldnews
27481,webcomics
27481,technology
27481,Minecraft
27481,DebateReligion
27481,revolutionNBC
27481,greenlightquality
27481,GameDeals
27481,pokemon
27482,firstworldanarchists
27482,politics
27482,mylittlepony
27482,IAmA
27482,AdviceAnimals
27482,zelda
27482,movies
27482,explainlikeimfive
27482,ImGoingToHellForThis
27482,tipofmytongue
27482,Portal
27482,harrypotter
27482,roosterteeth
27482,MLPvectors
27482,AskReddit
27482,photoshopbattles
27482,WTF
27482,Steam
27482,pics
27482,funny
27482,MLPLounge
27482,l4d2
27482,gaming
27482,halo
27482,TheLastAirbender
27482,AlienBlue
27482,valve
27482,truezelda
27482,xbox360
27482,assassinscreed
27482,Jokes
27482,gifs
27482,Minecraft
27482,aww
27482,LongDistance
27482,pokemon
27483,LucidDreaming
27483,AdviceAnimals
27483,buildapc
27483,gonewild
27483,AskReddit
27483,Steam
27483,pics
27483,funny
27483,Borderlands2
27483,gaming
27483,hackintosh
27483,hardwareswap
27483,aww
27484,skyrim
27484,starcraft
27484,gaming
27484,DotA2
27484,nintendo
27484,gamernews
27485,halo
27485,valve
27485,tf2
27487,mylittlepony
27487,Portal
27487,MLPvectors
27487,battlefield3
27487,funny
27487,gaming
27487,apple
27487,Minecraft
27488,hardware
27488,politics
27488,space
27488,gamedev
27488,fffffffuuuuuuuuuuuu
27488,netsec
27488,IAmA
27488,compsci
27488,news
27488,MachinePorn
27488,Games
27488,guns
27488,AskReddit
27488,dubstep
27488,skyrim
27488,cscareerquestions
27488,battlefield3
27488,WTF
27488,pics
27488,funny
27488,DIY
27488,Frugal
27488,beer
27488,personalfinance
27488,gaming
27488,computing
27488,atheism
27488,amateurradio
27488,EarthPorn
27488,cordcutters
27488,gadgets
27488,sysadmin
27488,reddit.com
27488,videos
27488,MapPorn
27488,techsupport
27488,Documentaries
27488,technology
27488,Minecraft
27488,Homebrewing
27488,programming
27488,startrek
27489,fffffffuuuuuuuuuuuu
27489,AskReddit
27489,Autos
27489,funny
27490,photocritique
27490,tf2
27491,dailydot
27491,AMA
27491,trees
27491,ChineseLanguage
27491,soccer
27491,pics
27491,TrueReddit
27491,food
27491,RealJournalism
27491,MLS
27491,China
27491,technology
27491,Syracuse
27491,TheoryOfReddit
27492,dailydot
27492,politics
27492,evolutionReddit
27492,Brooklyn
27492,IAmA
27492,Hunting
27492,todayilearned
27492,translator
27492,AskReddit
27492,pics
27492,funny
27492,SOPA
27492,nfl
27492,nyc
27492,WestVirginia
27492,offbeat
27492,Fishing
27492,worldnews
27492,CollegeBasketball
27492,sports
27492,technology
27493,jambands
27493,cannabis
27493,AdviceAnimals
27493,Drugs
27493,trees
27493,AskReddit
27493,Psychonaut
27493,funny
27493,Music
27493,Columbus
27493,aww
27494,politics
27494,space
27494,nature
27494,2012Elections
27494,facebook
27494,Economics
27494,gameofthrones
27494,minnesota
27494,news
27494,climate
27494,education
27494,uspolitics
27494,Drugs
27494,WikiLeaks
27494,AskReddit
27494,Archaeology
27494,anonymous
27494,entertainment
27494,history
27494,environment
27494,WTF
27494,TwoXChromosomes
27494,feminisms
27494,Liberal
27494,pics
27494,TrueReddit
27494,progressive
27494,funny
27494,occupywallstreet
27494,Feminism
27494,Animals
27494,atheism
27494,SOPA
27494,AnythingGoesNews
27494,AmericanPolitics
27494,videos
27494,socialism
27494,lgbt
27494,business
27494,worldpolitics
27494,science
27494,conspiracy
27494,science2
27494,worldnews
27494,DeepSpaceNine
27494,psychology
27494,technology
27494,obama
27494,democrats
27494,PoliticalHumor
27495,askscience
27495,IAmA
27495,AdviceAnimals
27495,antisrs
27495,todayilearned
27495,trees
27495,AskReddit
27495,WTF
27495,pics
27495,funny
27495,Frugal
27495,gaming
27495,DepthHub
27495,atheism
27495,Music
27495,reddit.com
27495,videos
27495,science
27495,worldnews
27495,technology
27497,politics
27497,Buddhism
27497,Brooklyn
27497,fffffffuuuuuuuuuuuu
27497,Parenting
27497,Freethought
27497,cannabis
27497,Transhuman
27497,philosophy
27497,quotes
27497,listentothis
27497,Economics
27497,futurebeats
27497,zen
27497,MarketAnarchism
27497,AdviceAnimals
27497,skeptic
27497,Libertarian
27497,cogsci
27497,Anarcho_Capitalism
27497,MensRights
27497,Anarchism
27497,Metal
27497,singularity
27497,news
27497,Objectivism
27497,ZenHabits
27497,todayilearned
27497,Drugs
27497,progmetal
27497,trees
27497,productivity
27497,DecidingToBeBetter
27497,WTF
27497,QuotesPorn
27497,Meditation
27497,TrueReddit
27497,funny
27497,Feminism
27497,selfimprovement
27497,NewYorkMets
27497,atheism
27497,amiugly
27497,Music
27497,StandUpComedy
27497,Health
27497,videos
27497,socialism
27497,selfhelp
27497,economy
27497,GetMotivated
27497,depression
27497,ronpaul
27497,psychology
27497,hiphopheads
27498,cannabis
27498,TRADE
27498,islam
27498,nba
27498,explainlikeimfive
27498,jailbreak
27498,trees
27498,AndroidQuestions
27498,AskReddit
27498,gamesell
27498,nfl
27498,deadpool
27498,gameswap
27498,facepalm
27498,lakers
27498,hardwareswap
27499,mylittlepony
27499,LucidDreaming
27499,cannabis
27499,buildapc
27499,longboarding
27499,MyLittleFriends
27499,trees
27499,AskReddit
27499,dubstep
27499,WTF
27499,pics
27499,funny
27499,MLPLounge
27499,gaming
27499,LongboardBuilding
27499,atheism
27499,circlejerk
27499,RedditRescueForce
27499,NoFap
27499,HorseMask
27499,Minecraft
27499,hardwareswap
27499,dayz
27501,politics
27501,cannabis
27501,news
27501,environment
27501,WTF
27501,Autos
27501,pics
27501,progressive
27501,funny
27501,occupywallstreet
27501,nottheonion
27501,reddit.com
27501,science
27503,politics
27503,cannabis
27503,uktrees
27503,finance
27503,tonightsdinner
27503,britpics
27503,Economics
27503,VideoEditing
27503,IAmA
27503,buildapc
27503,cigars
27503,linux
27503,trees
27503,AskReddit
27503,Marijuana
27503,DessertPorn
27503,Cooking
27503,WTF
27503,AfterEffects
27503,LondonSocialClub
27503,pics
27503,editors
27503,funny
27503,eldertrees
27503,Filmmakers
27503,photography
27503,reddit.com
27503,videos
27503,SEO
27503,onions
27503,techsupport
27503,science
27503,conspiracy
27503,Documentaries
27503,Android
27505,politics
27505,IAmA
27505,progressive
27505,GreenParty
27506,Gore
27506,politics
27506,nextdoorasians
27506,LucidDreaming
27506,cannabis
27506,birthcontrol
27506,Thailand
27506,IAmA
27506,UFOs
27506,AdviceAnimals
27506,movies
27506,ImGoingToHellForThis
27506,buildapc
27506,Teachers
27506,askseddit
27506,gamingpc
27506,OkCupid
27506,RandomActsOfBlowJob
27506,gonewild
27506,cheatatmathhomework
27506,todayilearned
27506,trees
27506,AskReddit
27506,loseit
27506,WTF
27506,TwoXChromosomes
27506,realasians
27506,pics
27506,MorbidReality
27506,funny
27506,Borderlands2
27506,psytrance
27506,seduction
27506,Frugal
27506,eldertrees
27506,PS3
27506,gaming
27506,trance
27506,relationships
27506,atheism
27506,spacedicks
27506,Music
27506,Fitness
27506,reddit.com
27506,timetolegalize
27506,videos
27506,woahdude
27506,TEFL
27506,travel
27506,worldnews
27506,AsianHotties
27506,Shatter
27506,aww
27506,spaceporn
27510,politics
27510,CarAV
27510,japanlife
27510,IAmA
27510,movies
27510,todayilearned
27510,trees
27510,keto
27510,AskReddit
27510,Marijuana
27510,WTF
27510,pics
27510,moviecritic
27510,funny
27510,beatles
27510,atheism
27510,amiugly
27510,Music
27510,bakedart
27510,self
27510,reddit.com
27510,videos
27510,DoesAnybodyElse
27510,treemusic
27510,offbeat
27511,politics
27511,minimal
27511,women
27511,2012Elections
27511,metametacirclejerk
27511,ArcherFX
27511,listentothis
27511,futurebeats
27511,IAmA
27511,adventuretime
27511,movies
27511,Anarchism
27511,futuregarage
27511,proper
27511,ambientmusic
27511,tumblr
27511,ainbow
27511,todayilearned
27511,Palestine
27511,trees
27511,redditrequest
27511,AskReddit
27511,netflix
27511,dubstep
27511,SRSArt
27511,skyrim
27511,entertainment
27511,WTF
27511,feminisms
27511,starcraft
27511,pics
27511,thewalkingdead
27511,funny
27511,tech_house
27511,IASIP
27511,darksouls
27511,mashups
27511,Filmmakers
27511,books
27511,gaming
27511,MECoOp
27511,radiohead
27511,comics
27511,atheism
27511,EarthPorn
27511,firstworldproblems
27511,TheLastAirbender
27511,casualiama
27511,circlejerk
27511,BoardwalkEmpire
27511,TheWire
27511,breakingbad
27511,futurefunkairlines
27511,Hungergames
27511,reddit.com
27511,Libraries
27511,shittyadvice
27511,TheSimpsons
27511,arresteddevelopment
27511,PandR
27511,lgbt
27511,Art
27511,xbox360
27511,masseffect
27511,DJs
27511,assassinscreed
27511,electronicmusic
27511,ShitRedditSays
27511,fnv
27511,worldnews
27511,Bad_Cop_No_Donut
27511,OneY
27511,Documentaries
27511,dungeondefenders
27511,aww
27511,metacirclejerk
27511,democrats
27511,House
27511,hiphopheads
27513,politics
27513,evolutionReddit
27513,Buddhism
27513,fffffffuuuuuuuuuuuu
27513,netsec
27513,cannabis
27513,IAmA
27513,Libertarian
27513,cogsci
27513,news
27513,worldevents
27513,Drugs
27513,trees
27513,guns
27513,AskReddit
27513,Psychonaut
27513,Marijuana
27513,crime
27513,entertainment
27513,environment
27513,WTF
27513,pics
27513,TrueReddit
27513,funny
27513,PS3
27513,torrents
27513,ideasfortheadmins
27513,atheism
27513,bicycling
27513,circlejerk
27513,gadgets
27513,Health
27513,videos
27513,DrugNerds
27513,indepthstories
27513,business
27513,worldpolitics
27513,depression
27513,bestof
27513,science
27513,trackers
27513,offbeat
27513,conspiracy
27513,worldnews
27513,Bad_Cop_No_Donut
27513,psychology
27513,technology
27515,firstworldanarchists
27515,politics
27515,cannabis
27515,organic
27515,conspiratard
27515,PropagandaPosters
27515,IAmA
27515,AdviceAnimals
27515,explainlikeimfive
27515,Anarchism
27515,libertarianmeme
27515,collapse
27515,energy
27515,todayilearned
27515,trees
27515,AskReddit
27515,HistoryPorn
27515,environment
27515,Hiphopcirclejerk
27515,WTF
27515,cringe
27515,pics
27515,TrueReddit
27515,funny
27515,circlebroke
27515,California
27515,farming
27515,gardening
27515,videos
27515,science
27515,conservatives
27515,Permaculture
27515,conspiracy
27515,worldnews
27515,PoliticalDiscussion
27515,boulder
27515,SRSsucks
27515,EndlessWar
27515,PoliticalHumor
27515,sandy
27515,hiphopheads
27516,netsec
27516,linuxquestions
27516,cannabis
27516,Libertarian
27516,linux
27516,Metal
27516,Drugs
27516,Marijuana
27516,Paul
27516,MECoOp
27516,DepthHub
27516,DrugNerds
27517,cannabis
27517,microgrowery
27518,politics
27518,cannabis
27518,IAmA
27518,Drugs
27518,trees
27518,Marijuana
27518,crime
27518,timetolegalize
27518,memes
27518,see
27519,politics
27519,space
27519,2012Elections
27519,Economics
27519,gameofthrones
27519,minnesota
27519,news
27519,climate
27519,education
27519,uspolitics
27519,environment
27519,TwoXChromosomes
27519,Liberal
27519,pics
27519,TrueReddit
27519,progressive
27519,occupywallstreet
27519,atheism
27519,AmericanPolitics
27519,socialism
27519,lgbt
27519,business
27519,worldpolitics
27519,worldnews
27519,obama
27519,democrats
27519,PoliticalHumor
27521,MW2
27521,cannabis
27521,codbo
27521,trees
27521,battlefield3
27521,PS3
27521,gaming
27521,mw3
27521,nfl
27523,trees
27523,NYKnicks
27525,politics
27525,cannabis
27525,IAmA
27525,AdviceAnimals
27525,Games
27525,Drugs
27525,trees
27525,Marijuana
27525,QuotesPorn
27525,pics
27525,funny
27525,PS3
27525,gaming
27525,nfl
27525,MMJ
27525,JoeRogan
27525,CHIBears
27525,science
27525,offbeat
27525,microgrowery
27525,Bad_Cop_No_Donut
27526,politics
27526,space
27526,IAmA
27526,minnesota
27526,news
27526,uspolitics
27526,AskReddit
27526,Liberal
27526,progressive
27526,funny
27526,occupywallstreet
27526,Music
27526,AmericanPolitics
27526,videos
27526,lgbt
27526,worldpolitics
27526,science
27526,worldnews
27526,DeepSpaceNine
27526,obama
27526,democrats
27527,fffffffuuuuuuuuuuuu
27527,cannabis
27527,askscience
27527,jobs
27527,cars
27527,IAmA
27527,AdviceAnimals
27527,Hotchickswithtattoos
27527,drunk
27527,humor
27527,Drugs
27527,trees
27527,frugalmalefashion
27527,AskReddit
27527,tattoos
27527,Fixxit
27527,WTF
27527,Autos
27527,pics
27527,funny
27527,food
27527,gaming
27527,motorcycles
27527,photography
27527,surfing
27527,Fitness
27527,videos
27527,electricdaisycarnival
27527,AskEngineers
27527,electronicmusic
27527,malefashionadvice
27527,piercing
27527,Android
27546,AnimalRights
27546,todayilearned
27546,AskReddit
27546,Animals
27546,reddit.com
27546,aww
27547,IAmA
27547,AdviceAnimals
27547,AskReddit
27547,WTF
27547,pics
27547,funny
27547,atheism
27547,discworld
27547,mississippi
27548,listentothis
27548,AdviceAnimals
27548,AskReddit
27548,beer
27548,videos
27548,beerporn
27549,politics
27549,mylittlepony
27549,fffffffuuuuuuuuuuuu
27549,tabletop
27549,boardgames
27549,battletech
27549,legaladvice
27549,whitewater
27549,ponypapers
27549,IAmA
27549,printSF
27549,mead
27549,buildapc
27549,tipofmytongue
27549,cigars
27549,drunk
27549,OkCupid
27549,gonewild
27549,Games
27549,todayilearned
27549,NorthCarolina
27549,iosgaming
27549,l5r
27549,EDC
27549,guns
27549,AskReddit
27549,history
27549,battlefield3
27549,snackexchange
27549,Warmachine
27549,pics
27549,Watches
27549,funny
27549,patientgamers
27549,MLPLounge
27549,AbandonedPorn
27549,MlpXbox
27549,Filmmakers
27549,mylittlealcoholic
27549,gaming
27549,coins
27549,MLPtunes
27549,MTB
27549,amateurradio
27549,doctorwho
27549,Stargate
27549,hiking
27549,Warhammer
27549,bicycling
27549,TheLastAirbender
27549,cordcutters
27549,CampingandHiking
27549,USCivilWar
27549,wargames
27549,horror
27549,scifi
27549,Fantasy
27549,nostalgia
27549,disney
27549,rpg
27549,babylon5
27549,Blacksmith
27549,flyfishing
27549,regularshow
27549,PipeTobacco
27549,mississippi
27549,startrek
27550,cars
27550,IAmA
27550,shutupandtakemymoney
27550,todayilearned
27550,AskReddit
27550,tattoos
27550,WTF
27550,Autos
27550,pics
27550,MechanicAdvice
27550,funny
27550,zombies
27550,talesfromtechsupport
27550,reddit.com
27550,mississippi
27551,politics
27551,fffffffuuuuuuuuuuuu
27551,starbound
27551,IAmA
27551,AdviceAnimals
27551,todayilearned
27551,guns
27551,AskReddit
27551,pics
27551,funny
27551,gaming
27551,videos
27551,MURICA
27551,worldnews
27551,mississippi
27552,sex
27552,AskReddit
27552,pics
27552,funny
27552,Random_Acts_Of_Pizza
27552,mississippi
27553,fffffffuuuuuuuuuuuu
27553,IAmA
27553,movies
27553,tipofmytongue
27553,AskReddit
27553,WTF
27553,IDAP
27553,creepy
27553,pics
27553,funny
27553,AbandonedPorn
27553,amiugly
27553,stephenking
27553,DunderMifflin
27553,horror
27553,Christianity
27553,nostalgia
27553,techsupport
27553,needamod
27553,Minecraft
27553,aww
27553,nosleep
27553,mississippi
27554,applehelp
27554,VideoEditing
27556,LucidDreaming
27556,islam
27556,IAmA
27556,todayilearned
27556,AskReddit
27556,exmuslim
27556,Minecraft
27557,fitmeals
27557,WWU
27557,compsci
27557,lisp
27557,AskReddit
27557,slashdiablo
27557,Cooking
27557,WTF
27557,Diablo3Strategy
27557,pics
27557,food
27557,Bonsai
27557,Bellingham
27557,Frugal
27557,personalfinance
27557,gaming
27557,nutrition
27557,CampingandHiking
27557,Fitness
27557,reddit.com
27557,spiral_knights
27557,programming
27558,movies
27558,Colorization
27558,picrequests
27558,gonewild
27558,todayilearned
27558,AskReddit
27558,OldSchoolCool
27558,HistoryPorn
27558,photoshopbattles
27558,battlefield3
27558,WTF
27558,pics
27558,funny
27558,atheism
27558,Music
27558,reddit.com
27558,videos
27558,Switzerland
27559,rugbyunion
27559,fffffffuuuuuuuuuuuu
27559,askscience
27559,IAmA
27559,AdviceAnimals
27559,chrome
27559,explainlikeimfive
27559,community
27559,todayilearned
27559,AskReddit
27559,Cooking
27559,WTF
27559,pics
27559,funny
27559,food
27559,torrents
27559,bicycling
27559,TheLastAirbender
27559,Music
27559,nfl
27559,reddit.com
27559,Parkour
27559,videos
27559,Christianity
27559,gentlemanboners
27559,wallpapers
27559,gifs
27559,Android
27559,Minecraft
27559,math
27559,hiphopheads
27560,AdviceAnimals
27560,AskReddit
27560,WTF
27560,pics
27560,funny
27560,gaming
27560,gifs
27561,askscience
27561,harrypotter
27561,javascript
27561,PHP
27561,hungary
27561,HTML
27562,forhire
27562,WTF
27562,gaming
27563,reactiongifs
27563,askscience
27563,IAmA
27563,AdviceAnimals
27563,blackops2
27563,explainlikeimfive
27563,buildapc
27563,Cleveland
27563,LGBTeens
27563,todayilearned
27563,trees
27563,AskReddit
27563,WTF
27563,Assistance
27563,pics
27563,funny
27563,gaming
27563,4chan
27563,mw3
27563,atheism
27563,breakingbad
27563,AlienBlue
27563,timetolegalize
27563,videos
27563,Christianity
27563,runescape
27563,gifs
27563,technology
27563,Minecraft
27563,aww
27564,paris
27564,pics
27565,politics
27565,bleachshirts
27565,IAmA
27565,religion
27565,AskReddit
27565,forsale
27565,WTF
27565,pics
27565,funny
27565,GaryJohnson
27565,atheism
27565,videos
27565,Christianity
27565,streetart
27565,ronpaul
27565,beermoney
27565,HITsWorthTurkingFor
27566,DAE
27566,adventuretime
27566,AdviceAnimals
27566,Drugs
27566,trees
27566,AskReddit
27566,WTF
27566,funny
27566,gamecollecting
27566,UniversityofReddit
27566,FreeKarma
27566,gaming
27566,casualiama
27566,Graffiti
27566,DoesAnybodyElse
27566,Minecraft
27567,applehelp
27567,AskReddit
27567,pics
27567,Music
27567,videos
27567,WeAreTheMusicMakers
27568,fffffffuuuuuuuuuuuu
27568,IAmA
27568,Diablo
27568,AskReddit
27568,WTF
27568,starcraft
27568,pics
27568,funny
27568,badcompany2
27568,gaming
27568,reddit.com
27568,science
27568,worldnews
27568,poker
27568,technology
27568,dayz
27570,fffffffuuuuuuuuuuuu
27570,AskReddit
27570,WTF
27570,funny
27570,gaming
27570,4chan
27570,atheism
27570,TheCreatures
27570,ftlgame
27571,politics
27571,fffffffuuuuuuuuuuuu
27571,IAmA
27571,AdviceAnimals
27571,movies
27571,singapore
27571,TrueBlood
27571,news
27571,shutupandtakemymoney
27571,GifSound
27571,harrypotter
27571,todayilearned
27571,AskReddit
27571,nova
27571,WTF
27571,TwoXChromosomes
27571,Liberal
27571,pics
27571,funny
27571,windows
27571,gaming
27571,atheism
27571,doctorwho
27571,Music
27571,industrialmusic
27571,apple
27571,reddit.com
27571,videos
27571,scifi
27571,StarWars
27571,science
27571,gifs
27571,technology
27571,aww
27571,HIMYM
27571,HTML
27571,tardcat
27574,fffffffuuuuuuuuuuuu
27574,IAmA
27574,AdviceAnimals
27574,LifeProTips
27574,gonewild
27574,24hoursupport
27574,todayilearned
27574,AskReddit
27574,pics
27574,funny
27574,mildlyinteresting
27574,4chan
27574,videos
27574,techsupport
27574,Android
27574,HTML
27576,pics
27576,funny
27576,nsfw_gifs
27576,NSFW_GIF
27576,TinyTits
27576,gifs
27576,aww
27577,politics
27577,misc
27577,MMORPG
27577,netsec
27577,dbz
27577,listentothis
27577,gameofthrones
27577,AdviceAnimals
27577,movies
27577,news
27577,ClassicScreenBeauties
27577,trees
27577,AskReddit
27577,OldSchoolCool
27577,photoshopbattles
27577,environment
27577,WTF
27577,TwoXChromosomes
27577,redheads
27577,creepy
27577,buffy
27577,pics
27577,TrueReddit
27577,funny
27577,software
27577,DIY
27577,EmmaStone
27577,PrettyGirls
27577,gaming
27577,atheism
27577,EarthPorn
27577,amiugly
27577,Music
27577,geek
27577,apple
27577,LadyBoners
27577,Supernatural
27577,videos
27577,Art
27577,gentlemanboners
27577,MilaKunis
27577,science
27577,fashion
27577,JenniferLawrence
27577,wow
27577,offbeat
27577,Kentucky
27577,wallpapers
27577,gifs
27577,Android
27577,technology
27577,aww
27577,ScarlettJohansson
27578,mylittlepony
27578,AskReddit
27580,politics
27580,applehelp
27580,orlando
27580,IAmA
27580,AdviceAnimals
27580,movies
27580,sex
27580,todayilearned
27580,guns
27580,Gear4Sale
27580,frugalmalefashion
27580,AskReddit
27580,firefly
27580,pics
27580,editors
27580,funny
27580,Gunsforsale
27580,photomarket
27580,Filmmakers
27580,gaming
27580,atheism
27580,doctorwho
27580,photography
27580,videos
27580,StarWars
27580,relationship_advice
27580,techsupport
27580,malefashionadvice
27580,Bad_Cop_No_Donut
27580,OnOff
27580,nosleep
27581,fffffffuuuuuuuuuuuu
27581,Parenting
27581,palegirls
27581,cars
27581,AdviceAnimals
27581,ADHD
27581,Boobies
27581,writing
27581,gonewild
27581,asshole
27581,todayilearned
27581,curvy
27581,WTF
27581,redheads
27581,Patriots
27581,Autos
27581,ginger
27581,creepy
27581,pics
27581,Borderlands
27581,MechanicAdvice
27581,funny
27581,mildlyinteresting
27581,penpals
27581,gaming
27581,Justrolledintotheshop
27581,talesfromtechsupport
27581,RealGirls
27581,classical
27581,facepalm
27581,Cartalk
27581,Jokes
27581,Delaware
27581,alternativeart
27581,carporn
27582,Boobies
27582,dirtysmall
27582,Blowjobs
27582,redheads
27582,deepthroat
27582,xsmallgirls
27582,nsfw_gifs
27582,NSFW_GIF
27584,politics
27584,fffffffuuuuuuuuuuuu
27584,gameofthrones
27584,IAmA
27584,adventuretime
27584,AdviceAnimals
27584,community
27584,shutupandtakemymoney
27584,todayilearned
27584,WikiLeaks
27584,trees
27584,AskReddit
27584,soccer
27584,skyrim
27584,WTF
27584,nottingham
27584,redheads
27584,starcraft
27584,ginger
27584,pics
27584,TrueReddit
27584,funny
27584,occupywallstreet
27584,books
27584,gaming
27584,futurama
27584,atheism
27584,reddit.com
27584,videos
27584,gentlemanboners
27584,GetMotivated
27584,science
27584,tf2
27584,worldnews
27584,Minecraft
27584,aww
27585,GirlswithGlasses
27585,Boobies
27585,Amateur
27585,dirtysmall
27585,redheads
27585,LegalTeens
27585,RealGirls
27586,Boobies
27586,Hotchickswithtattoos
27586,boobs
27586,pussy
27586,gonewild
27586,dirtysmall
27586,stockings
27586,redheads
27586,cumsluts
27586,NSFW_GIF
27586,creampies
27586,HighHeels
27586,latinas
27586,AsianHotties
27586,thick
27586,Bondage
27586,GoneWildPlus
27586,cumfetish
27588,GirlswithGlasses
27588,redheads
27588,ginger
27590,gameofthrones
27590,IAmA
27590,AdviceAnimals
27590,LifeProTips
27590,Fallout
27590,Coffee
27590,AskReddit
27590,battlefield3
27590,WTF
27590,redheads
27590,ginger
27590,pics
27590,Borderlands
27590,funny
27590,gaming
27590,atheism
27590,breakingbad
27590,videos
27590,fringe
27590,masseffect
27590,mindcrack
27590,Design
27590,glitch_art
27590,graphic_design
27590,aww
27591,GirlswithGlasses
27591,Boobies
27591,Hotchickswithtattoos
27591,Amateur
27591,WTF
27591,redheads
27591,ginger
27591,nsfw_wtf
27591,funny
27591,LegalTeens
27591,PrettyGirls
27591,RealGirls
27591,DoggyStyle
27591,datgap
27591,SexyButNotPorn
27591,milf
27591,femalepov
27591,NSFW_GIF
27591,TinyTits
27591,SceneGirls
27592,politics
27592,fffffffuuuuuuuuuuuu
27592,cars
27592,IAmA
27592,AdviceAnimals
27592,gonewild
27592,nsfwoutfits
27592,Games
27592,trees
27592,AskReddit
27592,skyrim
27592,nursing
27592,WTF
27592,redheads
27592,pics
27592,funny
27592,food
27592,P90X
27592,gaming
27592,atheism
27592,doctorwho
27592,firstworldproblems
27592,nfl
27592,Fitness
27592,videos
27592,NSFW_GIF
27592,depression
27592,tf2
27592,sports
27592,aww
27592,dayz
27594,guns
27594,NSFW_Wallpapers
27594,redheads
27594,motorcycles
27595,gonewild
27595,redheads
27595,ginger
27596,WouldYouRather
27596,LucidDreaming
27596,fffffffuuuuuuuuuuuu
27596,tifu
27596,Boobies
27596,AskReddit
27596,skyrim
27596,WTF
27596,redheads
27596,funny
27596,airsoft
27596,assassinscreed
27596,gifs
27597,Hotchickswithtattoos
27597,AskReddit
27597,ifyoulikeblank
27597,datgap
27597,indie
27598,space
27598,GirlswithGlasses
27598,oklahoma
27598,forhire
27598,chrome
27598,Boobies
27598,Hotchickswithtattoos
27598,Libertarian
27598,linux
27598,Amateur
27598,collapse
27598,news
27598,gonewild
27598,okc
27598,todayilearned
27598,guns
27598,AskReddit
27598,WTF
27598,redheads
27598,happygaps
27598,pics
27598,funny
27598,Enhancement
27598,firefox
27598,gaming
27598,Nexus7
27598,beards
27598,r4r
27598,atheism
27598,amateurradio
27598,thinspo
27598,randomsexiness
27598,google
27598,geek
27598,reddit.com
27598,nsfw_gifs
27598,videos
27598,IndieGaming
27598,TinyTits
27598,science
27598,opensource
27598,Android
27598,technology
27598,programming
27599,tipofmypenis
27599,gonewild
27599,golf
27599,WTF
27599,ginger
27599,funny
27599,pornvids
27600,gonewild
27600,realasians
27600,NSFW_GIF
27600,AsianHotties
27601,Bikeporn
27601,AskReddit
27601,curvy
27601,design_critiques
27601,atheism
27601,photography
27601,FixedGearBicycle
27601,Entrepreneur
27601,Cartalk
27603,mangonewild
27603,penis
27604,politics
27604,IndianBabes
27604,IAmA
27604,AdviceAnimals
27604,SubredditDrama
27604,gonewild
27604,AskReddit
27604,WTF
27604,redheads
27604,pics
27604,funny
27604,gaming
27604,4chan
27604,dwarffortress
27604,ThePopcornStand
27604,reddit.com
27604,leagueoflegends
27604,bestof
27604,worldnews
27604,technology
27606,sex
27606,todayilearned
27606,AskReddit
27607,politics
27607,answers
27607,French
27607,askscience
27607,IAmA
27607,gonewild
27607,shutupandtakemymoney
27607,web_design
27607,todayilearned
27607,AskReddit
27607,tattoos
27607,WTF
27607,redheads
27607,ginger
27607,pics
27607,funny
27607,gaming
27607,comics
27607,atheism
27607,reddit.com
27607,videos
27607,DoesAnybodyElse
27607,science
27607,worldnews
27607,Design
27607,Bondage
27607,OnOff
27607,programming
27607,cumfetish
27608,reactiongifs
27608,politics
27608,palegirls
27608,IAmA
27608,AdviceAnimals
27608,movies
27608,Guildwars2
27608,OkCupid
27608,todayilearned
27608,AskReddit
27608,redheads
27608,ginger
27608,pics
27608,funny
27608,LasVegas
27608,ouya
27608,gaming
27608,RealGirls
27608,atheism
27608,doctorwho
27608,Music
27608,videos
27608,Christianity
27608,AdviceAtheists
27608,ForeverAlone
27608,depression
27608,katawashoujo
27608,wow
27608,Naruto
27608,worldnews
27608,Android
27608,technology
27608,Celebs
27608,aww
27608,SRSsucks
27608,pokemon
27608,nexus4
27609,todayilearned
27609,science
27610,mylittlepony
27610,misc
27610,fffffffuuuuuuuuuuuu
27610,AdviceAnimals
27610,BoyScouts
27610,AskReddit
27610,anonymous
27610,redheads
27610,steampunk
27610,pics
27610,MorbidReality
27610,asmr
27610,gaming
27610,atheism
27610,photography
27610,mylittlehuman
27610,hacking
27610,HackBloc
27610,skateboarding
27610,Cyberpunk
27610,Minecraft
27610,aww
27611,asshole
27611,cumsluts
27611,NSFW_GIF
27612,boltedontits
27612,GirlswithGlasses
27612,Boobies
27612,hugeboobs
27612,bustybabes
27612,burstingout
27612,voluptuous
27612,cumsluts
27612,ShinyPorn
27612,pornvids
27613,politics
27613,fffffffuuuuuuuuuuuu
27613,prowrestling
27613,IAmA
27613,DnB
27613,movies
27613,Drugs
27613,trees
27613,AskReddit
27613,dubstep
27613,Marijuana
27613,entertainment
27613,WTF
27613,redheads
27613,pics
27613,funny
27613,SquaredCircle
27613,books
27613,gaming
27613,radiohead
27613,atheism
27613,EarthPorn
27613,reddit.com
27613,scifi
27613,DoesAnybodyElse
27613,xbox360
27613,itookapicture
27613,Dexter
27613,seaents
27613,311
27614,Boobies
27614,Amateur
27614,beach
27614,LegalTeens
27614,RealGirls
27614,milf
27615,prowrestling
27615,AskReddit
27615,photoshopbattles
27615,WTF
27615,redheads
27615,pics
27615,funny
27615,Unashamed
27615,batman
27615,atheism
27615,Music
27615,reddit.com
27615,singing
27615,startrek
27616,fffffffuuuuuuuuuuuu
27616,suicidegirls
27616,redheads
27616,GirlswithNeonHair
27618,mylittlepony
27618,wikipedia
27618,fffffffuuuuuuuuuuuu
27618,FifthWorldPics
27618,civ
27618,adventuretime
27618,AdviceAnimals
27618,ImGoingToHellForThis
27618,linux
27618,Amateur
27618,compsci
27618,Games
27618,todayilearned
27618,JusticePorn
27618,fifthworldproblems
27618,AskReddit
27618,UMD
27618,WTF
27618,dishonored
27618,pics
27618,MorbidReality
27618,TrueReddit
27618,funny
27618,metart
27618,mildlyinteresting
27618,gaming
27618,dolan
27618,atheism
27618,circlejerk
27618,law
27618,videos
27618,futureporn
27618,scifi
27618,nostalgia
27618,cyberlaws
27618,tf2
27618,offbeat
27618,ftlgame
27618,gifs
27618,Cyberpunk
27618,programming
27618,math
27618,Frisson
27619,gonewild
27619,penis
27620,ArtPorn
27620,boardgames
27620,comicbooks
27620,movies
27620,ImGoingToHellForThis
27620,Hotchickswithtattoos
27620,gonewild
27620,AskReddit
27620,WTF
27620,redheads
27620,Pets
27620,ginger
27620,creepy
27620,pics
27620,funny
27620,mac
27620,LegalTeens
27620,gaming
27620,zombies
27620,talesfromtechsupport
27620,RealGirls
27620,geek
27620,nyc
27620,horror
27620,gentlemanboners
27620,computers
27620,bikinis
27620,HighHeels
27620,wow
27620,Bacon
27620,Homebrewing
27620,aww
27620,sandy
27620,Munchkin
27622,GirlswithGlasses
27622,nsfwoutfits
27622,stockings
27622,ginger
27622,legs
27622,ShinyPorn
27622,HighHeels
27623,redheads
27623,bdsm
27624,GirlGamers
27624,space
27624,upvotegifs
27624,truegaming
27624,JRPG
27624,movies
27624,onetruegod
27624,rpg_gamers
27624,sex
27624,gonewild
27624,GifSound
27624,gamingsuggestions
27624,Games
27624,todayilearned
27624,AskReddit
27624,loseit
27624,photoshopbattles
27624,Cooking
27624,familyguy
27624,ginger
27624,thewalkingdead
27624,gaming
27624,zombies
27624,Makemeagif
27624,futurama
27624,relationships
27624,RealGirls
27624,Music
27624,milf
27624,anime
27624,woahdude
27624,leagueoflegends
27624,ForeverAlone
27624,memes
27624,xbox360
27624,gamernews
27624,ForeverAloneDating
27624,Jokes
27624,conspiracy
27624,gifs
27624,technology
27624,Minecraft
27626,palegirls
27626,listentothis
27626,Accordion
27626,dirtysmall
27626,redheads
27626,pics
27626,piano
27626,videos
27626,TinyTits
27626,Jazz
27629,electro
27629,facebook
27629,GuessTheMovie
27629,AdviceAnimals
27629,tipofmytongue
27629,pics
27629,funny
27629,media
27629,Journalism
27629,amiugly
27629,apple
27629,videos
27629,AmISexy
27629,TrueFilm
27629,beermoney
27631,politics
27631,space
27631,AdviceAnimals
27631,movies
27631,news
27631,humor
27631,todayilearned
27631,WikiLeaks
27631,trees
27631,entertainment
27631,environment
27631,WTF
27631,pics
27631,TrueReddit
27631,funny
27631,occupywallstreet
27631,food
27631,media
27631,gaming
27631,atheism
27631,EarthPorn
27631,Music
27631,cats
27631,videos
27631,worldpolitics
27631,itookapicture
27631,worldnews
27631,technology
27631,aww
27632,pics
27632,Health
27633,politics
27633,space
27633,philosophy
27633,Economics
27633,PropagandaPosters
27633,IAmA
27633,Libertarian
27633,greed
27633,wisconsin
27633,MensRights
27633,news
27633,climate
27633,Republican
27633,WikiLeaks
27633,reportthespammers
27633,guns
27633,AskReddit
27633,environment
27633,TwoXChromosomes
27633,Liberal
27633,pics
27633,progressive
27633,funny
27633,occupywallstreet
27633,media
27633,alltheleft
27633,zombies
27633,comics
27633,atheism
27633,prochoice
27633,nottheonion
27633,reddit.com
27633,business
27633,PoliticalModeration
27633,lolcats
27633,conspiracy
27633,worldnews
27633,technology
27633,obama
27633,PoliticalHumor
27634,Parenting
27634,news
27634,AskReddit
27634,socialanxiety
27634,pics
27636,politics
27636,Cubs
27636,Economics
27636,LifeProTips
27636,movies
27636,Libertarian
27636,freelance
27636,religion
27636,collapse
27636,news
27636,todayilearned
27636,guns
27636,AskReddit
27636,entertainment
27636,history
27636,WTF
27636,toys
27636,pics
27636,editors
27636,funny
27636,media
27636,FanTheories
27636,Frugal
27636,Filmmakers
27636,beer
27636,videography
27636,comics
27636,atheism
27636,doctorwho
27636,photography
27636,AnythingGoesNews
27636,geek
27636,Health
27636,apple
27636,reddit.com
27636,videos
27636,BBQ
27636,economy
27636,venturebros
27636,science
27636,YouShouldKnow
27636,worldnews
27636,Design
27636,Android
27636,PoliticalHumor
27638,media
27638,AusFinance
27639,Metal
27639,todayilearned
27639,Omaha
27639,AskReddit
27639,skyrim
27639,WTF
27639,pics
27639,funny
27639,SquaredCircle
27639,gaming
27639,atheism
27639,Music
27639,reddit.com
27639,videos
27639,technology
27640,IAmA
27640,todayilearned
27640,pics
27640,media
27640,DoesAnybodyElse
27640,science
27640,worldnews
27642,feminisms
27642,Feminism
27642,lgbt
27643,politics
27643,Beatmatch
27643,IAmA
27643,Ubuntu
27643,explainlikeimfive
27643,writing
27643,linux
27643,freelance
27643,web_design
27643,todayilearned
27643,Drugs
27643,bisexual
27643,AskReddit
27643,SuggestALaptop
27643,firefly
27643,pics
27643,funny
27643,Frugal
27643,books
27643,BoardwalkEmpire
27643,gardening
27643,reddit.com
27643,videos
27643,oakland
27643,SEO
27643,worldpolitics
27643,DJs
27643,electronicmusic
27643,psychology
27644,politics
27644,Conservative
27644,conspiratard
27644,AmericanJewishPower
27644,islam
27644,SubredditDrama
27644,MensRights
27644,Intelligence
27644,MiddleEastNews
27644,news
27644,Palestine
27644,iran
27644,reportthespammers
27644,israelexposed
27644,redditrequest
27644,spiders
27644,history
27644,WTF
27644,Paranormal
27644,Syria
27644,Enhancement
27644,media
27644,Egypt
27644,ideasfortheadmins
27644,911truth
27644,MideastPeace
27644,AnythingGoesNews
27644,Christianity
27644,Turkey
27644,NuclearPower
27644,worldpolitics
27644,science
27644,Africa
27644,conspiracy
27644,worldnews
27644,Documentaries
27644,technology
27644,obama
27644,TheoryOfReddit
27644,EndlessWar
27644,PoliticalHumor
27646,pics
27646,AnimalPorn
27647,politics
27647,funny
27647,comics
27647,Christianity
27647,worldnews
27647,technology
27648,politics
27648,worldnews
27649,AskReddit
27649,funny
27649,gaybears
27649,tea
27649,lgbt
27650,politics
27650,space
27650,AskHistorians
27650,engineering
27650,askscience
27650,dataisbeautiful
27650,aviation
27650,MMA
27650,Economics
27650,AskSocialScience
27650,cogsci
27650,worldevents
27650,todayilearned
27650,Foodforthought
27650,AskReddit
27650,privacy
27650,WTF
27650,pics
27650,TrueReddit
27650,progressive
27650,funny
27650,atheism
27650,videos
27650,crypto
27650,worldpolitics
27650,science
27650,worldnews
27650,Nokia
27650,austrian_economics
27650,gifs
27650,poker
27650,technology
27650,aww
27650,EndlessWar
27650,Military
27651,politics
27651,AskHistorians
27651,Economics
27651,booksuggestions
27651,collapse
27651,news
27651,AskReddit
27651,environment
27651,media
27651,Christianity
27651,lgbt
27651,worldnews
27651,technology
27651,GreenParty
27652,typography
27652,space
27652,fffffffuuuuuuuuuuuu
27652,malelifestyle
27652,showerbeer
27652,IAmA
27652,AdviceAnimals
27652,LifeProTips
27652,cripplingalcoholism
27652,Scotch
27652,todayilearned
27652,trees
27652,Coffee
27652,AskReddit
27652,OldSchoolCool
27652,HistoryPorn
27652,PostCollapse
27652,WTF
27652,creepy
27652,food
27652,bourbon
27652,media
27652,FanTheories
27652,RealJournalism
27652,beer
27652,eagles
27652,KitchenConfidential
27652,firstworldproblems
27652,bicycling
27652,spacedicks
27652,poppunkers
27652,self
27652,CampingandHiking
27652,madmen
27652,beerporn
27652,analog
27652,FixedGearBicycle
27652,skiing
27652,StarWars
27652,smokerslounge
27652,itookapicture
27652,malefashionadvice
27652,BruceSpringsteen
27652,seinfeld
27652,mathrock
27652,eatsandwiches
27652,Design
27652,technology
27658,philosophy
27658,comicbooks
27658,skeptic
27658,movies
27658,Games
27658,AskReddit
27658,TrueReddit
27658,funny
27658,gaming
27658,atheism
27658,TrueTrueReddit
27658,science
27660,hardware
27660,Coffee
27660,pics
27660,media
27660,photography
27660,geek
27660,gadgets
27660,apple
27660,business
27660,offbeat
27660,Android
27660,technology
27660,programming
27663,AdviceAnimals
27663,movies
27663,WTF
27663,pics
27663,funny
27663,atheism
27663,simonfraser
27663,facepalm
27663,Minecraft
27664,politics
27664,nature
27664,women
27664,police
27664,islam
27664,religion
27664,activism
27664,MiddleEastNews
27664,news
27664,Republican
27664,education
27664,humor
27664,Drugs
27664,iran
27664,israelexposed
27664,cancer
27664,crime
27664,food
27664,medicine
27664,diabetes
27664,Health
27664,election2012
27664,Veterans
27664,reddit.com
27664,humanism
27664,pakistan
27664,medical
27664,NuclearPower
27664,business
27664,racism
27670,politics
27670,centralpa
27670,Conservative
27670,IAmA
27670,lancaster
27670,news
27670,AskReddit
27670,WTF
27670,pics
27670,funny
27670,atheism
27672,television
27672,politics
27672,photocritique
27672,Economics
27672,movies
27672,religion
27672,MiddleEastNews
27672,news
27672,humor
27672,todayilearned
27672,Blogging
27672,wine
27672,environment
27672,WTF
27672,pics
27672,funny
27672,food
27672,media
27672,beer
27672,books
27672,photography
27672,Music
27672,law
27672,reddit.com
27672,worldpolitics
27672,offbeat
27672,travel
27672,socialmedia
27672,worldnews
27672,sports
27672,technology
27673,battlestations
27673,mylittlepony
27673,fffffffuuuuuuuuuuuu
27673,learnprogramming
27673,chiptunes
27673,IAmA
27673,teenagers
27673,iphone
27673,buildapc
27673,jailbreak
27673,gamingpc
27673,electrohouse
27673,golf
27673,Games
27673,Cinema4D
27673,trees
27673,AskReddit
27673,secretsanta
27673,legendarywhitebunny
27673,pics
27673,Rabbits
27673,funny
27673,Toonami
27673,mildlyinteresting
27673,snowboarding
27673,gaming
27673,4chan
27673,berkeley
27673,summonerschool
27673,lanparty
27673,Music
27673,reddit.com
27673,videos
27673,leagueoflegends
27673,electronicmusic
27673,tf2
27673,ghibli
27673,Bacon
27673,skateboarding
27673,Minecraft
27673,computergraphics
27673,hardwareswap
27673,bayarea
27674,fffffffuuuuuuuuuuuu
27674,funny
27674,Minecraft
27675,IAmA
27675,AskReddit
27676,IAmA
27676,AdviceAnimals
27676,LifeProTips
27676,AskReddit
27676,loseit
27676,WTF
27676,pics
27676,funny
27676,DIY
27676,videos
27677,Physics
27677,AskReddit
27677,pics
27677,reddit.com
27678,fffffffuuuuuuuuuuuu
27678,IAmA
27678,AdviceAnimals
27678,explainlikeimfive
27678,somethingimade
27678,cupcakes
27678,todayilearned
27678,trees
27678,AskReddit
27678,loseit
27678,WTF
27678,TwoXChromosomes
27678,pics
27678,funny
27678,occupywallstreet
27678,food
27678,futurama
27678,RedditLaqueristas
27678,atheism
27678,Music
27678,tea
27678,gardening
27678,reddit.com
27678,GetMotivated
27678,camping
27678,aww
27678,LongDistance
27678,nosleep
27679,politics
27679,askscience
27679,Physics
27679,IAmA
27679,LifeProTips
27679,AMA
27679,Libertarian
27679,electrohouse
27679,todayilearned
27679,AskReddit
27679,halloween
27679,longisland
27679,pics
27679,funny
27679,GaryJohnson
27679,Music
27679,cordcutters
27679,geek
27679,gardening
27679,reddit.com
27679,videos
27679,DJs
27679,offbeat
27679,hiphopheads
27680,movies
27680,BDSMcommunity
27680,pinball
27680,todayilearned
27680,whatisthisthing
27680,trees
27680,AskReddit
27680,lifehacks
27680,WTF
27680,pics
27680,funny
27680,gaming
27680,Music
27680,bdsm
27681,trees
27681,AskReddit
27681,nfl
27682,AskReddit
27682,lifehacks
27682,WTF
27682,pics
27682,funny
27683,Poetry
27683,fffffffuuuuuuuuuuuu
27683,GunPorn
27683,bleachshirts
27683,CallOfDuty
27683,AdviceAnimals
27683,LifeProTips
27683,ImGoingToHellForThis
27683,Teachers
27683,MilitaryPorn
27683,riddles
27683,todayilearned
27683,trees
27683,guns
27683,knives
27683,AskReddit
27683,tattoos
27683,halloween
27683,lifehacks
27683,photoshopbattles
27683,WTF
27683,bikesgonewild
27683,pics
27683,funny
27683,FreeKarma
27683,mildlyinteresting
27683,catpictures
27683,4chan
27683,mw3
27683,dolan
27683,relationships
27683,riseagainst
27683,tattoo
27683,videos
27683,PerfectTiming
27683,woahdude
27683,Jokes
27683,Fishing
27683,wallpapers
27683,gifs
27683,glitch_art
27683,OnePiece
27683,pokemon
27684,politics
27684,IAmA
27684,todayilearned
27684,trees
27684,AskReddit
27684,WTF
27684,pics
27684,funny
27684,gaming
27684,reddit.com
27684,videos
27684,relationship_advice
27684,worldnews
27685,lifehacks
27685,aww
27686,IAmA
27686,AdviceAnimals
27686,blackops2
27686,movies
27686,ImGoingToHellForThis
27686,todayilearned
27686,JusticePorn
27686,AskReddit
27686,WTF
27686,cringe
27686,pics
27686,thewalkingdead
27686,funny
27686,gaming
27686,atheism
27686,circlejerk
27686,introvert
27686,videos
27686,runescape
27686,science
27686,lost
27687,fffffffuuuuuuuuuuuu
27687,IAmA
27687,movies
27687,todayilearned
27687,AskReddit
27687,entertainment
27687,WTF
27687,pics
27687,funny
27687,food
27687,books
27687,batman
27687,reddit.com
27687,Christianity
27687,scifi
27687,Fantasy
27687,DoesAnybodyElse
27687,LearnUselessTalents
27687,offbeat
27688,kindle
27688,iphone
27688,LifeProTips
27688,jailbreak
27688,AskReddit
27688,lifehacks
27688,pics
27688,Nexus7
27688,cordcutters
27688,GalaxyNexus
27688,techsupport
27688,minimalism
27688,Android
27688,nexus4
27690,politics
27690,truegaming
27690,AdviceAnimals
27690,Games
27690,AskReddit
27690,WTF
27690,pics
27690,funny
27690,gaming
27690,Naruto
27690,aww
27691,AdviceAnimals
27691,todayilearned
27691,keto
27691,AskReddit
27691,WTF
27691,pics
27691,funny
27691,Anxiety
27691,videos
27692,comicbooks
27692,IAmA
27692,AdviceAnimals
27692,zelda
27692,movies
27692,picrequests
27692,gonewild
27692,tall
27692,todayilearned
27692,AskReddit
27692,nova
27692,pics
27692,funny
27692,help
27692,gaming
27692,TheLastAirbender
27692,apple
27692,videos
27692,lego
27694,politics
27694,fffffffuuuuuuuuuuuu
27694,flashlight
27694,engineering
27694,philosophy
27694,gameofthrones
27694,movies
27694,EngineeringPorn
27694,news
27694,humor
27694,todayilearned
27694,EDC
27694,guns
27694,knives
27694,AskReddit
27694,battlefield3
27694,WTF
27694,pics
27694,TrueReddit
27694,Watches
27694,funny
27694,bourbon
27694,gaming
27694,lebowski
27694,atheism
27694,geek
27694,reddit.com
27694,videos
27694,scifi
27694,science
27694,tf2
27694,offbeat
27694,worldnews
27694,ar15
27694,technology
27695,AskReddit
27695,lifehacks
27695,pics
27695,funny
27695,lingerie
27695,Jokes
27696,IAmA
27696,UFOs
27696,explainlikeimfive
27696,ask
27696,BotanicalPorn
27696,drawing
27696,AndroidQuestions
27696,AskReddit
27696,androidapps
27696,pics
27696,newreddits
27696,asmr
27696,EarthPorn
27696,nostalgia
27696,howto
27696,SkyPorn
27697,politics
27697,askscience
27697,IAmA
27697,LifeProTips
27697,letsplay
27697,shutupandtakemymoney
27697,todayilearned
27697,trees
27697,AskReddit
27697,lifehacks
27697,WTF
27697,pics
27697,funny
27697,PS3
27697,gaming
27697,Music
27697,reddit.com
27697,videos
27697,DoesAnybodyElse
27697,science
27697,YouShouldKnow
27697,worldnews
27697,PoliticalDiscussion
27697,technology
27698,oceans
27698,scuba
27698,IAmA
27698,AdviceAnimals
27698,AMA
27698,festivals
27698,Drugs
27698,trees
27698,AskReddit
27698,Marijuana
27698,environment
27698,WTF
27698,TwoXChromosomes
27698,lifeaquatic
27698,pics
27698,funny
27698,needadvice
27698,food
27698,gaming
27698,atheism
27698,Music
27698,surfing
27698,Fitness
27698,reddit.com
27698,videos
27698,woahdude
27698,Art
27698,offbeat
27698,phish
27698,aww
27698,bayarea
27698,recipes
27700,movies
27700,pics
27700,gaming
27701,hardware
27701,listentothis
27701,AdviceAnimals
27701,BBW
27701,BorderlandsGuns
27701,AskReddit
27701,curvy
27701,WTF
27701,chubby
27701,Bass
27701,pics
27701,Borderlands
27701,funny
27701,SteamGameSwap
27701,gaming
27701,youtubehaiku
27701,MECoOp
27701,casualiama
27701,Music
27701,Maine
27701,WeAreTheMusicMakers
27701,Tribes
27701,thick
27702,books
27702,reddit.com
27703,battlestations
27703,reactiongifs
27703,politics
27703,fffffffuuuuuuuuuuuu
27703,askscience
27703,IAmA
27703,AdviceAnimals
27703,iphone
27703,tipofmytongue
27703,gonewild
27703,todayilearned
27703,trees
27703,AskReddit
27703,lifehacks
27703,WTF
27703,starcraft
27703,pics
27703,funny
27703,gaming
27703,atheism
27703,EarthPorn
27703,firstworldproblems
27703,piano
27703,terriblefacebookmemes
27703,videos
27703,AmISexy
27703,ArianaGrande
27703,gentlemanboners
27703,starlets
27703,YouShouldKnow
27703,worldnews
27703,see
27703,trailers
27703,aww
27704,acne
27704,lifehacks
27704,Filmmakers
27704,gopro
27706,AdviceAnimals
27706,trees
27706,lifehacks
27706,pics
27706,crochet
27709,politics
27709,askscience
27709,listentothis
27709,AdviceAnimals
27709,LifeProTips
27709,nba
27709,AnimalCollective
27709,Glitch_in_the_Matrix
27709,fantasybball
27709,AskReddit
27709,WTF
27709,Paranormal
27709,pics
27709,funny
27709,atheism
27709,Music
27709,breakingbad
27709,vinyl
27709,sanantonio
27709,worldnews
27709,math
27711,AskReddit
27711,gaming
27711,Music
27711,runescape
27711,Minecraft
27711,pokemon
27713,fffffffuuuuuuuuuuuu
27713,AdviceAnimals
27713,LifeProTips
27713,perth
27713,AskReddit
27713,WTF
27713,pics
27713,funny
27713,Frugal
27713,gaming
27718,television
27718,fffffffuuuuuuuuuuuu
27718,IAmA
27718,AdviceAnimals
27718,tipofmytongue
27718,community
27718,day9
27718,AskReddit
27718,skyrim
27718,oblivion
27718,allthingsprotoss
27718,WTF
27718,java
27718,starcraft
27718,pics
27718,funny
27718,SteamGameSwap
27718,gaming
27718,4chan
27718,ShouldIbuythisgame
27718,AllThingsTerran
27718,starcraft_strategy
27718,doctorwho
27718,videos
27718,Rift
27718,techsupport
27718,dvdcollection
27718,wow
27718,aww
27719,community
27719,pics
27719,batman
27719,doctorwho
27719,DunderMifflin
27720,AskReddit
27720,lifehacks
27720,malehairadvice
27720,WTF
27720,pics
27720,funny
27720,gaming
27720,casualiama
27720,DotA2
27720,Dota2Trade
27720,anime
27720,techsupport
27720,lonely
27722,politics
27722,space
27722,boardgames
27722,askscience
27722,Libertarian
27722,Games
27722,subredditoftheday
27722,freebies
27722,AskReddit
27722,lifehacks
27722,androidapps
27722,funny
27722,windows
27722,gaming
27722,AndroidGaming
27722,Tucson
27722,tea
27722,ECE
27722,reddit.com
27722,videos
27722,AskEngineers
27722,asustransformer
27722,science
27722,GalaxyS3
27722,NetflixBestOf
27722,worldnews
27722,Android
27722,gatech
27722,aww
27722,programming
27722,math
27723,pics
27723,funny
27724,reactiongifs
27724,space
27724,AskPhysics
27724,fffffffuuuuuuuuuuuu
27724,GunPorn
27724,philosophy
27724,redditgetsdrawn
27724,IAmA
27724,TF2fashionadvice
27724,AdviceAnimals
27724,zelda
27724,skeptic
27724,LifeProTips
27724,movies
27724,explainlikeimfive
27724,buildapc
27724,drunk
27724,southpark
27724,sex
27724,treesgonewild
27724,minnesota
27724,Fallout
27724,Marvel
27724,Portal
27724,Games
27724,todayilearned
27724,lotr
27724,trees
27724,JusticePorn
27724,malegrooming
27724,AskReddit
27724,Psychonaut
27724,killingfloor
27724,lifehacks
27724,skyrim
27724,environment
27724,battlefield3
27724,WTF
27724,cringe
27724,tf2replays
27724,Steam
27724,pics
27724,funny
27724,offmychest
27724,IWantToLearn
27724,gaming
27724,catpictures
27724,youtubehaiku
27724,futurama
27724,atheism
27724,firstworldproblems
27724,amiugly
27724,truetf2
27724,nfl
27724,SFM
27724,tf2trade
27724,Health
27724,Fitness
27724,techsupportgore
27724,videos
27724,twincitiessocial
27724,DebateAChristian
27724,barefoot
27724,relationship_advice
27724,GetMotivated
27724,techsupport
27724,NoFap
27724,masseffect
27724,malefashionadvice
27724,science
27724,facepalm
27724,tf2
27724,gifs
27724,psychology
27724,Minecraft
27724,AskScienceFiction
27724,aww
27724,regularshow
27724,Frisson
27726,battlestations
27726,hardware
27726,politics
27726,censorship
27726,0x10c
27726,wikipedia
27726,ElderScrolls
27726,netsec
27726,truegaming
27726,cars
27726,AdviceAnimals
27726,movies
27726,linux
27726,electronics
27726,news
27726,web_design
27726,techsupportmacgyver
27726,Games
27726,WikiLeaks
27726,darknetplan
27726,ArtCrit
27726,AskReddit
27726,privacy
27726,lifehacks
27726,INTP
27726,WTF
27726,pics
27726,TrueReddit
27726,funny
27726,museum
27726,foxes
27726,windows
27726,literature
27726,thinkpad
27726,gaming
27726,DepthHub
27726,raspberry_pi
27726,photography
27726,gamemusic
27726,Scholar
27726,geek
27726,gadgets
27726,GalaxyNexus
27726,videos
27726,fountainpens
27726,IndieGaming
27726,cyberlaws
27726,onions
27726,vim
27726,Astronomy
27726,gamernews
27726,electronicmusic
27726,trackers
27726,wallpapers
27726,gifs
27726,Android
27726,technology
27726,Minecraft
27726,Piracy
27726,animation
27726,SRSsucks
27726,keyboards
27728,typography
27728,iphone
27728,Ubuntu
27728,Guitar
27728,web_design
27728,todayilearned
27728,AskReddit
27728,webdev
27728,malefashionadvice
27728,minimalism
27728,Design
27728,rawdenim
27729,Poetry
27729,tifu
27729,explainlikeimfive
27729,Metal
27729,AskReddit
27729,baseball
27729,lifehacks
27729,Paranormal
27729,IWantToLearn
27729,datfeel
27729,CrappyDesign
27729,KitchenConfidential
27729,Music
27729,breakingbad
27729,Iowa
27729,shittyadvice
27729,headphones
27729,mizzou
27729,nosleep
27729,columbiamo
27729,ultimate
27730,Sonsofanarchy
27730,politics
27730,comicbooks
27730,IAmA
27730,AdviceAnimals
27730,asoiaf
27730,guns
27730,AskReddit
27730,lifehacks
27730,skyrim
27730,SWORDS
27730,books
27730,gaming
27730,relationships
27730,atheism
27730,Fantasy
27730,masseffect
27730,creepypasta
27730,technology
27731,RoomPorn
27731,aww
27732,politics
27732,fffffffuuuuuuuuuuuu
27732,IAmA
27732,AdviceAnimals
27732,SFGiants
27732,news
27732,AskReddit
27732,WTF
27732,pics
27732,funny
27732,occupywallstreet
27732,books
27732,atheism
27732,doctorwho
27732,technology
27732,Minecraft
27732,aww
27733,politics
27733,trees
27733,AskReddit
27733,WTF
27733,starcraft
27733,pics
27733,funny
27733,reddit.com
27733,business
27733,offbeat
27733,worldnews
27733,technology
27735,fffffffuuuuuuuuuuuu
27735,IAmA
27735,movies
27735,explainlikeimfive
27735,AskReddit
27735,lifehacks
27735,WTF
27735,pics
27735,funny
27735,Music
27735,reddit.com
27735,videos
27736,politics
27736,fffffffuuuuuuuuuuuu
27736,startups
27736,askscience
27736,jobs
27736,forhire
27736,IAmA
27736,movies
27736,somethingimade
27736,shutupandtakemymoney
27736,web_design
27736,todayilearned
27736,trees
27736,AskReddit
27736,WTF
27736,pics
27736,funny
27736,AdrenalinePorn
27736,Frugal
27736,snowboarding
27736,MTB
27736,Music
27736,cordcutters
27736,surfing
27736,self
27736,gadgets
27736,webdev
27736,reddit.com
27736,videos
27736,SEO
27736,woahdude
27736,skiing
27736,DoesAnybodyElse
27736,gif
27736,GetMotivated
27736,bestof
27736,ipad
27736,Entrepreneur
27736,offbeat
